upc_a_code,item_name
400000203799,EARTH'S PRIDE ORGANICS - ORGANIC BROCCOLI FLORETS
400000238197,EARTH'S PRIDE ORGANICS - ORGANIC TRIPLE BERRY BLEND
400000268491,ROZZANO - GOURMET TORTELLINI
400000272726,WELLSLEY FARMS - PREMIUM BACON
400000272726,"WELLSLEY FARMS - NATURALLY HICKORY SMOKED PREMIUM BACON, HICKORY SMOKED"
400000272726,"WELLSLEY FARMS - HICKORY SMOKED PREMIUM BACON, HICKORY SMOKED"
400000272849,WELISLEY FARMS - SMOKED SOCKEYE SALMON
400000272894,WELLSLEY FARMS - SMOKED SLICED SALMON
400000272894,"WELLSLEY FARMS - SCOTTISH STYLE SMOKED SLICED SALMON, SCOTTISH STYLE"
400000289656,HEALTHY HELPINGS - RAISINS
400000291017,EARTH'S PRIDE - SEA SALT
400000292212,EARTH'S PRIDE - ALL NATURAL BLACK FOREST BLEND
400000292250,EARTH'S PRIDE - ORCHARD BLEND
400000292441,EARTH'S PRIDE - ORGANIC ROASTED RED POTATO & VEGETABLE MEDLEY
400000302935,WELLSLEY FARMS - CASHEWS HALVES & PIECES
400000302935,"WELLSLEY FARMS - ROASTED SALTED HALVES & PIECES CASHEWS, ROASTED SALTED"
400000302935,"WELLSLEY FARMS - ROASTED SALTED CASHEWS HALVES & PIECES, ROASTED SALTED"
400000304687,ROZZANO - RAINBOW TORTELLINI
400000305417,ROZZANO - ORGANIC SPAGHETTI
400000305493,EARTH'S PRIDE ORGANICS - ORGANIC TROPICAL FRUIT BLEND
400000306124,EARTH'S PRIDE - FARMER'S GARDEN MIX
400000309675,EARTH'S PRIDE ORGANICS - WHOLE GRAIN QUINOA
400000312132,WELLSLEY FARMS - SPANAKOPITA
400000312132,"WELLSLEY FARMS - SPANAKOPITA A DELICIOUS BLEND OF SPINACH, PREMIUM CHEESES AND ONIONS SEASONED WITH LEMON JUICE, GARLIC, DILL, PARSLEY AND BLACK PEPPER, WRAPPED WITH FILLO DOUGH, SPANAKOPITA"
400000312132,SIGNATURE COLLECTION - SPANAKOPITA
400000316253,BERKLEY & JENSEN - EXTRA FINE GREEN BEANS
400000317199,WELLSLEY FARMS - PREMIUM SHREDDED SHARP CHEDDAR CHEESE
400000317199,"WELLSLEY FARMS - SHARP CHEDDAR SHREDDED PREMIUM CHEESE, SHARP CHEDDAR"
400000317199,"WELLSLEY FARMS - SHARP CHEDDAR PREMIUM SHREDDED CHEESE, SHARP CHEDDAR"
400002218302,Beaver Street Fisheries Inc. - CKD SEAFOOD MIX
400002218302,MEMBR SLCT - CKD SEAFOOD MIX
400009876918,EARTH'S PRIDE - ORGANIC RUSTIC ITALIAN LOAF
400009877908,EARTH'S PRIDE - CRUSTY ROLLS
400090364295,LAND O' LAKES - LIGHT BUTTER WITH CANOLA OIL
400100897232,craft smart - purple/violet acrylic value yarn - 1 roll(324m 198g)
400120189331,FAMILY GOURMET - COFFEE CREAMER
403231167021,WINCO FOODS - IRISH CREAM
404048082026,Kroger - NR GRND BF 80/20
404048082033,Kroger - GRND BF CKPAT 80/20
405516311877,"LAND O'LAKES, INC. - GARLIC & HERB BUTTER SPREAD"
405528092900,ENGLEWOOD CLIFFS - 30% VEGETABLE OIL SPREAD
406977120534,CAF VALLEY BAKERY - BANANA NUT MINI MUFFINS
406980168080,"KRAFT FOODS GLOBAL, INC. - MIXED NUTS"
408004390026,"SMUCKER'S - SMUCKER'S, SIMPLY FRUIT, SPREADABLE FRUIT, STRAWBERRY, STRAWBERRY"
409910086201,"MAMA COZZIS - CUBAN BRAND PIZZA, CUBAN BRAND"
409981666043,LINDT & SPRUNGLI (USA) INC. - ASSORTED CHOCOLATE TRUFFLES
409981667040,LINDT & SPRUNGLI (USA) INC. - MILK CHOCOLATE TRUFFLES
410014313094,"CUETARA - CUETARA, FRESCOCO"
410109051245,"VALOR - VALOR, DARK CHOCOLATE"
410481054001,"CARLIER - CARLIER, SOFT NOUGAT, ALMONDS HAZELNUTS"
410495010444,"VICENS - VICENS, ALMOND SOUFFLE ROUND"
410495080348,"VICENS - VICENS, TOASTED EGG YOLK NOUGAT"
410495080782,"JICENS - JICENS, AGRAMUNT"
410495080829,"VICENS - VICENS, HARD ALMOND NOUGAT"
410525116719,"FINI GOLOSINAS ESPANA, S.L.U. - FINI, SOUR WORMS GUMMY CANDY"
410525119017,"FINI - FINI, GUMMY CANDY"
410525152410,"FINI - FINI, MINI SOUR TUBES CANDY"
410525221581,"FINI - FINI, WIGGLY WORMS GUMMY CANDY"
411003191105,FRESH FINDS - SLICED JALAPENO PEPPERS
411009275304,"FRESH FINDS - FRESH FINDS, IODIZED SALT"
411010983007,"FRESH FINDS - FRESH FINDS, CAJUN SPICE"
411010983106,FRESH FINDS - CHICKEN SOUP BASE
411010983205,"FRESH FINDS - FRESH FINDS, CHILI POWDER"
411010983403,FRESH FINDS - CRUSHED RED PEPPER
411010983502,"FRESH FINDS - FRESH FINDS, GARLIC SALT WITH PARSLEY"
411010983809,FRESH FINDS - NO SALT SEASONING
411010983908,"FRESH FINDS - FRESH FINDS, CAYENNE PEPPER"
411010984004,"FRESH FINDS - FRESH FINDS, FRENCH FRY SEASONING"
411010984103,"FRESH FINDS - FRESH FINDS, GARLIC PEPPER SEASONING"
411010984301,"FRESH FINDS - FRESH FINDS, GARLIC SALT"
411010984509,"FRESH FINDS - FRESH FINDS, LEMON PEPPER SEASONING"
411010985001,"FRESH FINDS - FRESH FINDS, PAPRIKA"
411014701300,"FRESH FINDS - FRESH FINDS, CURRY POWDER"
411401179903,FRESH FINDS - COCONUT MILK
412115013552,"PICO - PICO, ALTA SELECCION HARD ALMONDS NOUGAT"
412565011092,"LUXURY BAKERY - LUXURY BAKERY, CHOCOLATE STRIPES, HONEY"
412565011108,"LUXURY BAKERY - LUXURY BAKERY, CHOCOLATE PALMIERS"
412956120723,"KIM'S CHOCOLATES - KIM'S CHOCOLATES, SEASONS GREETINGS CACHET MILK, DARK, & WHITE ASSORTED CHOCOLATES, MILK, DARK & WHITE ASSORTMENT"
413767128017,NERF - CANDY & GAME
413907757104,"CHOCOLATE AMATLLER - CHOCOLATE AMATLLER, DARK CHOCOLATE"
413999736049, NO MANUFACTURER - BEEF JERKY
414318190540,"SCHNUCKS - YELLOW MUSTARD, YELLOW"
414515386624,"PUBLIX - GARLIC & HERB GOAT CHEESE, GARLIC & HERB"
414982022910,"NEW ZEALAND NATIVE - NEW ZEALAND NATIVE, SPARKLING GREEN TEA WITH MANUKA HONEY, TANGERINE"
415701094270,BLUE DIAMOND ALMONDS - TOASTED COCONUT FLAVORED OVEN ROASTED ALMONDS
416420010176,SOLO - ALMOND CAKE & PASTRY FILLING
416420010244,SOLO - APRICOT CAKE & PASTRY FILLING
416420010480,SOLO - CHERRY CAKE & PASTRY FILLING
416420011098,SOLO - POPPY CAKE & PASTRY FILLING
416420011166,SOLO - PRUNE CAKE & PASTRY FILLING
416420011234,SOLO - RASPBERRY CAKE & PASTRY FILLING
416420014990,SOLO - ALMOND PASTE
416999764050,"LINK SNACKS, INC. - BEEF JERKY"
418519600220,"REI - Sahara shade hoodie, mens, deep marine, xl"
418519602040,"rei - Sahara shade hoodie, mens, L Tall, black heather"
419982912049,LANCASTER  - SOFT CREMES
420000779063,GLACIER X - THIRST QUENCHER
420000779087,MAVERIK - THIRST QUENCHER
420000779094,GLACIER X - THIRST QUENCHER
420000779124,"MAVERIK - MAVERIK, GLACIER, THIRST QUENCHER, GRAPE"
420023123409,"JED'S COFFEE CO - JED'S COFFEE CO, STRONG GROUND COFFEE BEANS BAG"
420664402000,KOOL-AID - KOOL-AID UNSWEETENED DRINK MIX
421017790096,"ANTIPODES - ANTIPODES, SPARKLING WATER"
425031752214,"BARU - BARU, DREAMY DARK CHOCOLATE HIPPOS"
425636050302,"FIELD DAY - SEMI-SWEET CHOCOLATE ORGANIC CHIPS, SEMI-SWEET CHOCOLATE"
426944001024,"TORRES - TORRES, PREMIUM SELECTA POTATO CHIPS, EXTRA VIRGIN OLIVE OIL"
427983000047,"GHIRARDELLI  - RICH CHOCOLATE, LUSCIOUS FILLING"
430000372355,CLOVER VALLEY - CRUSHED PINEAPPLE
430000372355,CLOVER VALLEY - CRUSHED PINEAPPLE IN NATURAL JUICE
430000372362,CLOVER VALLEY - PINEAPPLE CHUNKS
430000372362,"CLOVER VALLEY - PINEAPPLE CHUNKS IN 100% NATURAL JUICE, PINEAPPLE CHUNKS"
430000571192,CLOVER VALLEY - SALT
430000675531,AMO'S - GUMMY SPIDERS
431996829038,CELESTIAL SEASONINGS - CAFFEINE FREE TENSION TAMER
432365323227,"ICEE - DOUBLE SQUEEZE CANDY, DOUBLE SQUEEZE"
433776100887,"EARTH BALANCE - EARTH BALANCE, NATURAL PEANUT BUTTER AND FLAXSEED, CREAMY"
433776100894,"EARTH BALANCE - EARTH BALANCE, CREAMY SPREAD, COCONUT & PEANUT"
434001500151,"VIVELI - VIVELI, WAFER ROLLS WITH DELICIOUS VANILLA CREAM FILLING"
434001501127,"VIVELI - VIVELI, TWIST, WAFER ROLLS, VANILLA"
434001501141,"INDUSTRIAS CARPHIL - VIVELI, WAFER ROLLS WITH A DELICIOUS STRAWBERRY CREAM FILLING"
435112000066,"GIANT - GIANT, GROUND PORK"
436490005025,PRAIRIE FRESH - PORK TENDERLOIN
438766006420,"VEGA - BERRY FLAVOR DRINK MIX POWDER, BERRY"
438980076041, NO MANUFACTURER - ALMONDS
438980076041,"BLUE DIAMOND ALMONDS - ALMONDS, PUMPKIN SPICE"
440000000615,"TEDDY GRAHAMS - CINNAMON GRAHAM SNACKS, CINNAMON"
440000112526,RITZ - HANDI-SNACKS CRACKERS 'N CHEESE DIP
441004386026,SMUCKER'S - SEEDLESS BLACKBERRY SPREADABLE FRUIT
443009531005,"CASA LINDO - CASA LINDO, GOURMET GROUND COFFEE"
443009531500,"CASA LINDO - CASA LINDO, COSTA RICAN GOURMET GROUND COFFEE WITH B VITAMIN COMPLEX"
443981558021, NO MANUFACTURER - CARAMEL HARD CANDIES
444100001398,"LIBERTY PROCUREMENT CO. INC. - FLAVE!, HIKERS HEAVEN TRAIL MIX"
444100001404,"LIBERTY PROCUREMENT CO., INC. - FLAVE!, COASTAL DELIGHT TRAIL MIX"
444100026742,"FLAVE! - FLAVE!, UNSALTED PISTACHIOS"
444100224285,"FLAVE! - FLAVE!, JELLY BEANS"
444444387721,"FLAVE! - FLAVE!, ASSORTED FISH"
444444387745,"FLAVE! - FLAVE!, SOUR NEON GUMMY WORMS"
444444387752,"LIBERTY PROCUREMENT CO. INC. - FLAVE!, TROPICAL TRAIL MIX"
444444387776,"FLAVE! - FLAVE!, CALIFORNIA DREAM MIX"
444444387790,"LIBERTY PROCUREMENT CO, INC. - CAP COD, FALVE! CRUNCH"
444444387882,"FLAVE! - FLAVE!, FITNESS MIX"
444444387899,"FLAVE! - FLAVE!, ROASTED SALTED PEANUTS"
444444387929,"FLAVE! - FLAVE!, SUNFLOWER SEEDS, ROASTED AND SALTED"
444444387981,"FLAVE! - FLAVE!, ASSORTED GUMMY BEARS, 12 FLAVORS"
444444388032,"FLAVE! - FLAVE!, A BLEND OF SESAME SEEDS AND PEANUTS COATED WITH A SWEET HONEY GLAZE, HONEY ROASTED CRUNCH"
444444388049,"FLAVE! - FLAVE!, CAJUN MIX"
444444388056,"LIBERTY PROCUREMENT CO. INC. - FLAVE!, WASABI PEAS"
444444388063,"FLAVE! - FLAVE!, HOT & SPICY PEANUTS"
447980159012,PLANTERS - SMOKED PEANUTS
447980173018,PLANTERS - CHILI LIME PEANUTS
451099004156,"MAUI & SONS - MAUI & SONS, COCONUT CHIPS, DARK CHOCOLATE"
451099500023,"MAUI & SONS - MAUI & SONS, COCONUT CHIPS"
458782842033,GIRARD'S - LIGHT CHAMPAGINE DRESSING
464088410210,"DULCERIA RODRIGUEZ - DULCERIA RODRIGUEZ, MILK FUDGE"
464088410227,"DULCERIA RODRIGUEZ - DULCERIA RODRIGUEZ, GUAVA WITH MILK"
464088410234,"DULCERIA RODRIGUEZ S.R.L. - DULCERIA RODRIGUEZ, ORANGE WITH MILK"
464088410241,"DULCERIA RODRIGUEZ - DULCERIA RODRIGUEZ, COCONUT WITH MILK"
464088410364,"DULCERIA RODRIGUEZ - DULCERIA RODRIGUEZ, ORANGE SLICES"
464088411095,"DULCERIA RODRIGUEZ - DULCERIA RODRIGUEZ, SESAME"
465495424845,"PEANUTS - ORANGE, CHERRY, PINEAPPLE, APPLE, STRAWBERRY, LEMON GUMMIES, ORANGE, CHERRY, PINEAPPLE, APPLE, STRAWBERRY, LEMON"
465696766324,MRS. KLEIN'S - SWEET GHERKINS
467113581015,"JP TROPICAL FOOD - JP TROPICAL FOOD, SWEET RIPE PLANTAIN CHIPS"
469513410056,STARBUCKS - VANILLA LATTE VIA INSTANT
470201008813,"PINSON - PINSON, VIOLETTES HARD CANDIES"
473258032244,Conagra Brands - CUCINA DI LENSI Asparagus Risotto
473258032244,CUCINA DI LENSI - CUCINA DI LENSI Asparagus Risotto
475981412003,NECCO - THE ORIGINAL CANDY WAFER
478990486058,ATKINS - CARAMEL NUT CHEW BAR
480093500403,"PARM CRISPS - SOUR CREAM & ONION CRISPS, SOUR CREAM & ONION"
481006709201, NO MANUFACTURER - MAYONNAISE
481008968903,"FRESH FINDS - FRESH FINDS, SOUL FOOD SEASONING"
481008969009,FRESH FINDS - POULTRY SEASONING
481008988901,"FRESH FINDS - FRESH FINDS, LEMON PEPPER"
481008989007,"FRESH FINDS - FRESH FINDS, STEAK SEASONING"
481008989205,FRESH FINDS - MEAT TENDERIZER
481008989304, NO MANUFACTURER - MINCED GARLIC
481013623309,"FRESH FINDS - FRESH FINDS, IMPORTED MANZANILLA OLIVES STUFFED WITH MINCED PIMENTO"
481015132908,FRESH FINDS - SPARKLING WATER BEVERAGE
481015133004,FRESH FINDS - SPARKLING WATER BEVERAGE
481015152104,FRESH FINDS - SPARKLING WATER BEVERAGE
481021527002,"FRESH FINDS - FRESH FINDS, HAMBURGER DILL CHIPS PICKLES"
481022498202,"FRESH FINDS - FRESH FINDS, CHUNKY SALSA, MILD"
481022498301,"FRESH FINDS - FRESH FINDS, CHUNKY SALSA, MEDIUM"
481022498400,FRESH FINDS - CHUNKY SALSA
481022520705,FRESH FINDS - APPLE CIDER VINEGAR
481026001705,"FRESH FINDS - FRESH FINDS, BOUILLON CUBES, BEEF"
481026001804,"FRESH FINDS - FRESH FINDS, CHICKEN FLAVOR BOUILLON CUBES"
481026011605,FRESH FINDS - CINNAMON SUGAR
481026011704,"FRESH FINDS - FRESH FINDS, CELERY SALT"
485514251016,"MAXWELL HOUSE - MAXWELL HOUSE, CAFE-STYLE BEVERAGE MIX, ICED FRENCH VANILLA"
488981447005,AMERICAN LICORICE CO. - ARTIFICIALLY FLAVORED CANDY
489737122122,TYSON - HONEY BBQ SEASONED CHICKEN WINGS
490000026382,"The Coca-Cola Company-0049000000016 - Coca-Cola Glass Bottle, 8 fl oz"
490000026382,"Coca-Cola - Coca-Cola Glass Bottle, 8 fl oz"
490000044836,JALANCINA - TOMATO JAM
490000066951,FANTA - SODA
490225156611,"Walgreens Co. - NICE!, CAFFEINE-FREE SODA, LEMON LIME"
490225156611,"NICE! - NICE!, CAFFEINE-FREE SODA, LEMON LIME"
490550207842,MARKET PANTRY - PEPPERMINT STARLIGHT MINTS HARD CANDY
490550207842,"MARKET PANTRY - PEPPERMINT STARLIGHT MINTS HARD CANDY, PEPPERMINT STARLIGHT MINTS"
490550209587,MARKET PANTRY - CINNAMON IMPERIALS CANDY
490550209587,"MARKET PANTRY - CINNAMON IMPERIALS CANDY, CINNAMON IMPERIALS"
490550215199,MARKET PANTRY - CRUNCHY & CHEWY GUMMIES CANDY
490550215199,"MARKET PANTRY - CRUNCHY & CHEWY GUMMIES CANDY, CRUNCHY"
490550215205,MARKET PANTRY - SOUR CHERRY BITES CHEWY CANDY
490550215205,"MARKET PANTRY - SOUR CHERRY BITES CHEWY CANDY, SOUR CHERRY BITES"
490550234411,MARKET PANTRY - PEACH RINGS GUMMI CANDY
490550234411,"MARKET PANTRY - PEACH RINGS GUMMI CANDY, PEACH RINGS"
490550237733,MARKET PANTRY - CINNAMON BEARS CHEWY CANDY
490550237733,"MARKET PANTRY - CINNAMON BEARS CHEWY CANDY, CINNAMON BEARS"
490550237771,MARKET PANTRY - PEPPERMINT STARLIGHT MINTS HARD CANDY
490550237771,"MARKET PANTRY - PEPPERMINT STARLIGHT MINTS HARD CANDY, PEPPERMINT STARLIGHT MINTS"
490550301151,WONDERSHOP - PEPPERMINT CANDY CANES
490550301151,"WONDERSHOP - PEPPERMINT CANDY CANES, PEPPERMINT"
490550301168,"WONDERSHOP - PEPPERMINT CANDY CANES, PEPPERMINT"
490550301175,"WONDERSHOP - PEPPERMINT CANDY CANES, PEPPERMINT"
490550301182,WONDERSHOP - PEPPERMINT CANDY CANES
490550301182,"WONDERSHOP - PEPPERMINT CANDY CANES, PEPPERMINT"
490550301243,"WONDERSHOP - HOT COCOA CANDY CANES, HOT COCOA"
490550301250,"WONDERSHOP - FRUIT CANDY CANES, FRUIT CANDY"
490550301250,"WONDERSHOP - FRUIT CANDY CANES, FRUIT"
490550301267,"WONDERSHOP - CHERRY CANDY CANES, CHERRY"
490550309102,TARGET - PEPPERMINT CANDY CONES
490550309102,"TARGET - PEPPERMINT CANDY CANES, PEPPERMINT"
490550311679,"TARGET - TARGET, CANDY CANES, HOT COCOA"
490550313437,"TARGET CORPORATION - TARGET CORPORATION, MINI CANDY CANES, PEPPERMINT"
490710400076,ARCHER FARMS - PUMPKIN SPICE SNACK BITES
490710400076,"ARCHER FARMS - PUMPKIN SPICE SNACK BITES WITH COOKIE PIECES, OATS & PUMPKIN SEED KERNELS, PUMPKIN SPICE"
490710400687,ARCHER FARMS - PUMPKIN CORN TORTILLA CHIPS
490710400687,"ARCHER FARMS - PUMPKIN CORN TORTILLA CHIPS WITH SEA SALT, PUMPKIN WITH SEA SALT"
490710400700,ARCHER FARMS - CARAMEL APPLE SNACK BITES
490710400700,"ARCHER FARMS - CARAMEL APPLE SNACK BITES WITH PEANUTS, CARAMEL BITS, COOKIES & APPLE CHIPS, CARAMEL APPLE"
490710400892,ARCHER FARMS - PUMPKIN SPICE GLAZED PECANS
490710400892,"ARCHER FARMS - PUMPKIN SPICE GLAZED PECANS, PUMPKIN SPICE"
490710400908,ARCHER FARMS - PUMPKIN SPICE GLAZED PEPITAS
490710400908,"ARCHER FARMS - PUMPKIN SPICE GLAZED PEPITAS, PUMPKIN SPICE"
490710400953,ARCHER FARMS - CARAMEL CORN WITH APPLE SLICES
490710400953,"ARCHER FARMS - CARAMEL APPLE CARAMEL CORN WITH APPLE SLICES, CARAMEL APPLE"
490710400960,ARCHER FARMS - PUMPKIN SPICE CARAMEL CORN
490710400960,"ARCHER FARMS - PUMPKIN SPICE CARAMEL CORN WITH PUMPKIN SEED KERNELS, PUMPKIN SPICE"
490710603750,SIMPLY BALANCED - ORGANIC WHITE CHEDDAR POPCORN
490710603750,"SIMPLY BALANCED - WHITE CHEDDAR ORGANIC POPCORN, WHITE CHEDDAR"
490710605112,SIMPLY BALANCED - ORGANIC CORN TORTILLA CHIPS
490710605112,"SIMPLY BALANCED - SPINACH CORN ORGANIC TORTILLA CHIPS WITH GOLDEN FLAXSEEDS & SESAME SEEDS, SPINACH WITH GOLDEN FLAXSEEDS & SESAME SEEDS"
490710606201,SIMPLY BALANCED - SOUR CREAM & ONION POTATO CHIPS
490710606201,"SIMPLY BALANCED - SOUR CREAM & ONION ORGANIC POTATO CHIPS, SOUR CREAM & ONION"
490710606331,SIMPLY BALANCED - ORGANIC POTATO CHIPS
490710606331,"SIMPLY BALANCED - SIMPLY BALANCED, ORGANIC POTATO CHIPS, SEA SALT, SEA SALT"
490710606331,"SIMPLY BALANCED - SEA SALT ORGANIC POTATO CHIPS, SEA SALT"
490710606348,SIMPLY BALANCED - ORGANIC POTATO CHIPS
490710606348,"SIMPLY BALANCED - ORGANIC POTATO CHIPS, BARBECUE"
490710606348,"SIMPLY BALANCED - BARBECUE ORGANIC POTATO CHIPS, BARBECUE"
490710606430,SIMPLY BALANCED - SEA SALT & CRACKED PEPPER KETTLE COOKED POTATO CHIPS
490710606430,"SIMPLY BALANCED - SEA SALT & CRACKED PEPPER KETTLE COOKED POTATO CHIPS, SEA SALT & CRACKED PEPPER"
490710606492,SIMPLY BALANCED - ROSEMARY KETTLE COOKED POTATO CHIPS
490710606492,"SIMPLY BALANCED - ROSEMARY KETTLE COOKED POTATO CHIPS, ROSEMARY"
490710606515,SIMPLY BALANCED - KETTLE COOKED POTATO CHIPS
490710606515,"SIMPLY BALANCED - SEA SALT KETTLE COOKED POTATO CHIPS, SEA SALT"
490710610932,SIMPLY BALANCED - SEA SALT POPCORN
490710610932,"SIMPLY BALANCED - SEA SALT ORGANIC POPCORN, SEA SALT"
490710650112,"SIMPLY BALANCED - SIMPLY BALANCED, ORGANIC SPINACH CORN TORTILLA CHIPS"
490710800951,ARCHER FARMS - BUNNY BAIT TRAIL MIX
490710800951,"ARCHER FARMS - BUNNY BAIT TRAIL MIX WITH HONEY-ROASTED PEANUTS, WHITE CHOCOLATE-COVERED PRETZEL BALLS, M&M'S BRAND MILK CHOCOLATE CANDIES, CONFETTI COOKIE PIECES, RAISINS & MARSHMALLOWS, BUNNY BAIT"
490710801040,MARKET PANTRY - YELLOW KERNELS POPPING CORN
490710801040,"MARKET PANTRY - YELLOW KERNELS POPPING CORN, YELLOW KERNELS"
490710802054,ARCHER FARMS - SPICY BLOODY MARY TRAIL MIX
490710802542,"ARCHER FARMS - CASHEWS, CRANBERRY & ALMOND"
490710802542,"ARCHER FARMS - CASHEWS, CRANBERRY & ALMOND TRAIL MIX, CASHEWS, CRANBERRY & ALMOND"
490710802627,SIMPLY BALANCED - ROASTED CHICKPEA SNACK
490710802627,"SIMPLY BALANCED - SEA SALT ROASTED CHICKPEA SNACK, SEA SALT"
490710802658,SIMPLY BALANCED - ROASTED CHICKPEA SNACK
490710802658,"SIMPLY BALANCED - SEA SALT & BLACK PEPPER ROASTED CHICKPEA SNACK, SEA SALT & BLACK PEPPER"
490710802672,SIMPLY BALANCED - ROASTED CHICKPEA SNACK
490710802672,"SIMPLY BALANCED - SEA SALT & VINEGAR ROASTED CHICKPEA SNACK, SEA SALT & VINEGAR"
490710802887,ARCHER FARMS - LIGHTLY SALTED ROASTED ALMONDS
490710802887,"ARCHER FARMS - LIGHTLY SALTED ROASTED HEART HEALTHY ALMONDS, LIGHTLY SALTED ROASTED"
490710807318,ARCHER FARMS - MONSTER TRAIL MIX
490710807318,"ARCHER FARMS - MONSTER TRAIL MIX WITH PEANUTS, M&M'S MILK CHOCOLATE CANDIES, RAISINS, CHOCOLATE CHIPS & PEANUT BUTTER CHIPS, MONSTER"
490710807899,MARKET PANTRY - MICROWAVE KETTLE CORN POPCORN
490710807899,"MARKET PANTRY - KETTLE CORN SWEET & SALTY MICROWAVE POPCORN, KETTLE CORN"
490710808452,ARCHER FARMS - SIMPLY TRAIL MIX
490710808452,"ARCHER FARMS - SIMPLY TRAIL MIX WITH PEANUTS, RAISINS, M&M'S MILK CHOCOLATE CANDIES, ALMONDS & SWEETENED CHERRIES, SIMPLY TRAIL"
490710808469,ARCHER FARMS - CASHEW CRANBERRY ALMOND TRAIL MIX
490710808469,"ARCHER FARMS - CASHEW CRANBERRY ALMOND TRAIL MIX, CASHEW CRANBERRY ALMOND"
490710808483,ARCHER FARMS - PEANUT BUTTER MONSTER TRAIL MIX
490710808483,"ARCHER FARMS - PEANUT BUTTER MONSTER TRAIL MIX WITH PEANUTS, PEANUT BUTTER CHIPS, RAISINS, M&M'S PEANUT BUTTER CHOCOLATE CANDIES & PEANUT BUTTER COATED PRETZEL BALLS, PEANUT BUTTER MONSTER"
490710808506,ARCHER FARMS - PROTEIN TRAIL MIX
490710808506,"ARCHER FARMS - PROTEIN TRAIL MIX WITH PEPITAS, SOYBEANS, CHICKPEAS, FAVA BEANS, ALMONDS, SWEETENED CRANBERRIES & EDAMAME, PROTEIN"
490710808513,ARCHER FARMS - CHOCOLATE PEANUT PRETZEL SNACK BITES
490710808513,"ARCHER FARMS - CHOCOLATE PEANUT PRETZEL SNACK BITES WITH PEANUTS, PRETZELS, PEANUT BUTTER CHIPS & CARAMEL BITS DIPPED IN MILK CHOCOLATE, CHOCOLATE PEANUT PRETZEL"
490710808520,ARCHER FARMS - OATMEAL RAISIN COOKIE SNACK BITES
490710808520,"ARCHER FARMS - OATMEAL RAISIN COOKIE SNACK BITES WITH OATMEAL COOKIE PIECES, WALNUTS & RAISINS, OATMEAL RAISIN COOKIE"
490710808551,ARCHER FARMS - BALSAMIC VINEGAR & SEA SALT CASHEWS
490710808551,"ARCHER FARMS - BALSAMIC VINEGAR & SEA SALT CASHEWS, BALSAMIC VINEGAR & SEA SALT"
490710808575,ARCHER FARMS - UNSALTED RAW ALMONDS
490710808575,"ARCHER FARMS - UNSALTED RAW ALMONDS, UNSALTED"
490710808605,ARCHER FARMS - SMOKE-FLAVORED CASHEWS
490710808605,"ARCHER FARMS - SMOKE-FLAVORED CASHEWS, SMOKE"
490710808612,ARCHER FARMS - HONEY BARBECUE SEASONED CASHEWS
490710808612,"ARCHER FARMS - HONEY BARBECUE SEASONED CASHEWS, HONEY BARBECUE"
490710808698,SIMPLY BALANCED - NUT & FRUIT CLUSTERS
490710808698,"SIMPLY BALANCED - BLUEBERRY GLUTEN FREE NUT & FRUIT CLUSTERS, BLUEBERRY"
490710808711,"SIMPLY BALANCED - SIMPLY BALANCED, NUT CLUSTERS"
490710808711,"SIMPLY BALANCED - CINNAMON GLUTEN FREE NUT CLUSTERS, CINNAMON"
490710808742,SIMPLY BALANCED - NUT CLUSTERS VANILLA
490710808742,"SIMPLY BALANCED - VANILLA GLUTEN FREE NUT CLUSTERS, VANILLA"
490710808759,SIMPLY BALANCED - ORIGINAL GRASS-FED BEEF JERKY
490710808759,"SIMPLY BALANCED - ORIGINAL ORGANIC GRASS-FED BEEF JERKY, ORIGINAL"
490710808780,SIMPLY BALANCED - TERIYAKI GRASS-FED BEEF JERKY
490710808780,"SIMPLY BALANCED - TERIYAKI ORGANIC GRASS-FED BEEF JERKY, TERIYAKI"
490710808896,ARCHER FARMS - CARAMEL CASHEW TRAIL MIX
490710808896,"ARCHER FARMS - CARAMEL CASHEW TRAIL MIX WITH CHOCOLATE-COVERED CARAMEL BITES, CASHEWS, M&M'S MILK CHOCOLATE CANDIES & PEANUTS, CARAMEL CASHEW"
490710808940,ARCHER FARMS - UNSALTED OMEGA-3 WALNUT TRAIL MIX
490710808940,"ARCHER FARMS - UNSALTED OMEGA-3 WALNUT TRAIL MIX WITH SWEETENED CRANBERRIES, ROASTED ALMONDS, RAW WALNUTS, ROASTED PEPITAS & RAW PECANS, UNSALTED OMEGA-3 WALNUT"
490710808964,ARCHER FARMS - LIGHTLY SALTED ROASTED CASHEWS
490710808964,"ARCHER FARMS - LIGHTLY SALTED ROASTED CASHEWS, LIGHTLY SALTED ROASTED"
490710808988,ARCHER FARMS - UNSALTED RAW MIXED NUTS
490710808988,"ARCHER FARMS - UNSALTED RAW MIXED NUTS WITH ALMONDS, CASHEWS, HAZELNUTS, WALNUTS & PISTACHIOS, UNSALTED RAW"
490710811308,"ARCHER FARMS - ANTIOXIDANT FRUIT, NUT & CHOCOLATE BERRY TRAIL MIX"
490710811308,"ARCHER FARMS - ANTIOXIDANT FRUIT, NUT & CHOCOLATE BERRY TRAIL MIX WITH SWEETENED FRUIT, UNSALTED ROASTED ALMONDS & DARK CHOCOLATE BLUEBERRIES, ANTIOXIDANT FRUIT, NUT & CHOCOLATE BERRY"
490710811315,"ARCHER FARMS - TRAIL MIX, OMEGA-3 WALNUT, UNSALTED"
490710811315,"ARCHER FARMS - OMEGA-3 WALNUT TRAIL MIX WITH SWEETENED CRANBERRIES, UNSALTED ROASTED ALMONDS, RAW WALNUTS, ROASTED PEPITAS & RAW PECANS, OMEGA-3 WALNUT"
490710819885,MARKET PANTRY - EXTRA BUTTER MICROWAVE POPCORN
490710819885,"MARKET PANTRY - EXTRA BUTTER MICROWAVE POPCORN, EXTRA BUTTER"
490710819892,MARKET PANTRY - BUTTER MICROWAVE POPCORN
490710819892,"MARKET PANTRY - BUTTER MICROWAVE POPCORN, BUTTER"
490710819908,"MARKET PANTRY - MICROWAVE POPCORN, BUTTER"
490710819908,"MARKET PANTRY - BUTTER 94% FAT FREE MICROWAVE POPCORN, BUTTER"
490710907681,SIMPLY BALANCED - COOKIES
490710907681,"SIMPLY BALANCED - CHOCOLATE CHIP COOKIES WITH OATS & QUINOA, CHOCOLATE CHIP"
490710907704,SIMPLY BALANCED - COOKIES WITH QUINOA
490710907704,"SIMPLY BALANCED - CRUNCHY PEANUT COOKIES WITH QUINOA, CRUNCHY PEANUT"
490711801117,MARKET PANTRY - MANDARIN ORANGES CUPS OF WHOLE FRUIT SEGMENTS PACKED IN LIGHT SYRUP
490711801117,"MARKET PANTRY - MANDARIN ORANGES WHOLE FRUIT SEGMENTS PACKED IN LIGHT SYRUP, MANDARIN IN LIGHT SYRUP"
490711801124,MARKET PANTRY - MANDARIN ORANGES
490711801124,"MARKET PANTRY - MANDARIN ORANGES WHOLE FRUIT SEGMENTS PACKED IN WATER, MANDARIN IN WATER"
490711801131,MARKET PANTRY - CHERRY MIXED FRUIT
490711801131,"MARKET PANTRY - CHERRY MIXED FRUIT PEACHES, PEARS & CHERRIES IN LIGHT SYRUP, CHERRY MIXED FRUIT IN LIGHT SYRUP"
490711801148,MARKET PANTRY - DICED PEACHES YELLOW CLING PEACHES IN LIGHT SYRUP
490711801148,"MARKET PANTRY - YELLOW CLING DICED PEACHES IN LIGHT SYRUP, LIGHT SYRUP"
490711801155,MARKET PANTRY - DICED PEACHES
490711801155,"MARKET PANTRY - YELLOW CLING DICED PEACHES PACKED IN WATER, WATER"
490711801162,MARKET PANTRY - DICED PEARS BARTLETT PEARS PACKED IN LIGHT SYRUP
490711801162,"MARKET PANTRY - BARTLETT DICED PEARS PACKED IN LIGHT SYRUP, LIGHT SYRUP"
490711801179,MARKET PANTRY - PINEAPPLE TIDBITS IN LIGHTLY SWEETENED PINEAPPLE JUICE
490711801179,"MARKET PANTRY - PINEAPPLE TIDBITS IN LIGHTLY SWEETENED PINEAPPLE JUICE, LIGHTLY SWEETENED PINEAPPLE JUICE"
490711801919,MARKET PANTRY - MANDARIN ORANGES
490711801919,"MARKET PANTRY - MANDARIN ORANGES WHOLE FRUIT SEGMENTS PACKED IN LIGHT SYRUP, MANDARIN IN LIGHT SYRUP"
490711801933,MARKET PANTRY - DICED PEARS
490711801933,"MARKET PANTRY - BARTLETT DICED PEARS PACKED IN WATER, WATER"
490711802107,SIMPLY BALANCED - ORGANIC FRUIT POUCHES
490711802107,"SIMPLY BALANCED - APPLE ORGANIC FRUIT POUCHES, APPLE"
490711802299,MARKET PANTRY - FRUIT-FLAVORED SNACKS
490711802299,"MARKET PANTRY - MIXED FRUIT GRAPE, STRAWBERRY, ORANGE, PEACH & RASPBERRY FRUIT-FLAVORED SNACKS, MIXED FRUIT"
490711802305,MARKET PANTRY - MIXED BERRY FRUIT-FLAVORED SNACKS
490711802305,"MARKET PANTRY - MIXED BERRY STRAWBERRY, CHERRY, GRAPE & RASPBERRY FRUIT-FLAVORED SNACKS, MIXED BERRY"
490711802510,MARKET PANTRY - MIXED BERRY FRUIT-FLAVORED SNACKS
490711802510,"MARKET PANTRY - MIXED BERRY STRAWBERRY, CHERRY, GRAPE & RASPBERRY FRUIT-FLAVORED SNACKS, MIXED BERRY"
490711802848,MARKET PANTRY - FRUIT-FLAVORED SNACKS
490711802848,"MARKET PANTRY - STRAWBERRY FRUIT-FLAVORED SNACKS, STRAWBERRY"
490711803012,"MARKET PANTRY - MIXED FRUIT, FRUIT-FLAVORED SNACKS"
490711803012,"MARKET PANTRY - MIXED FRUIT GRAPE, STRAWBERRY, ORANGE, PEACH & RASPBERRY FRUIT-FLAVORED SNACKS, MIXED FRUIT"
490711803029,MARKET PANTRY - FRUIT-FLAVORED SNACKS
490711803029,"MARKET PANTRY - STRAWBERRY FRUIT-FLAVORED SNACKS, STRAWBERRY"
490711803036,MARKET PANTRY - FRUIT-FLAVORED SNACKS
490711803036,"MARKET PANTRY - TROPICAL FRUIT STRAWBERRY-BANANA, TANGERINE, PINEAPPLE & MANGO FRUIT-FLAVORED SNACKS, TROPICAL FRUIT"
490711803043,MARKET PANTRY - MIXED FRUIT SNACK
490711803043,"MARKET PANTRY - MIXED FRUIT GRAPE, STRAWBERRY, ORANGE, PEACH & RASPBERRY MIXED FRUIT-FLAVORED SNACKS, MIXED FRUIT"
490711803166,MARKET PANTRY - MIXED FRUIT-FLAVORED SNACKS
490711803166,"MARKET PANTRY - MIXED FRUIT GRAPE, STRAWBERRY, ORANGE, PEACH & RASPBERRY FRUIT-FLAVORED SNACKS, MIXED FRUIT"
490711803173,"MARKET PANTRY - FRUIT-FLAVORED SNACKS, 6% APPLE JUICE CONCENTRATE"
490711803173,"MARKET PANTRY - STRAWBERRY FRUIT-FLAVORED SNACKS, STRAWBERRY"
490711803999,SIMPLY BALANCED - ORGANIC FRUIT POUCHES
490711803999,"SIMPLY BALANCED - APPLE STRAWBERRY ORGANIC FRUIT POUCHES, APPLE STRAWBERRY"
490711811536,SIMPLY BALANCED - FRUIT-FLAVORED SNACKS
490711811536,"SIMPLY BALANCED - STRAWBERRY ORGANIC FRUIT-FLAVORED SNACKS, STRAWBERRY"
490711811543,SIMPLY BALANCED - MIXED BERRY FRUIT-FLAVORED SNACKS
490711811543,"SIMPLY BALANCED - MIXED BERRY ORGANIC FRUIT-FLAVORED SNACKS, MIXED BERRY"
490711811574,"SIMPLY BALANCED - MIXED FRUIT, FRUIT-FLAVORED SNACKS"
490711811574,"SIMPLY BALANCED - MIXED FRUIT ORGANIC APPLE, STRAWBERRY, GRAPE & ORANGE FRUIT-FLAVORED SNACKS, MIXED FRUIT"
490712007464,MARKET PANTRY - STRAWBERRY SOFT BAKED BREAKFAST BARS
490712007464,"MARKET PANTRY - STRAWBERRY SOFT BAKED BREAKFAST BARS, STRAWBERRY"
490712007471,MARKET PANTRY - APPLE CINNAMON SOFT BAKED BREAKFAST BARS
490712007471,"MARKET PANTRY - APPLE CINNAMON SOFT BAKED BREAKFAST BARS, APPLE CINNAMON"
490712007495,MARKET PANTRY - BLUEBERRY SOFT BAKED BREAKFAST BARS
490712007495,"MARKET PANTRY - BLUEBERRY SOFT BAKED BREAKFAST BARS, BLUEBERRY"
490712007877,SIMPLY BALANCED - ORGANIC FRUIT & GRAIN BARS
490712007877,"SIMPLY BALANCED - BLUEBERRY ORGANIC FRUIT & GRAIN BARS, BLUEBERRY"
490712007884,SIMPLY BALANCED - ORGANIC FRUIT & GRAIN BARS
490712007884,"SIMPLY BALANCED - APPLE CINNAMON ORGANIC FRUIT & GRAIN BARS, APPLE CINNAMON"
490712007891,SIMPLY BALANCED - ORGANIC FRUIT & GRAINS BARS
490712007891,"SIMPLY BALANCED - STRAWBERRY ORGANIC FRUIT & GRAIN BARS, STRAWBERRY"
490712009086,MARKET PANTRY - SOFT BAKED BREAKFAST BARS
490712009086,"MARKET PANTRY - STRAWBERRY SOFT BAKED BREAKFAST BARS, STRAWBERRY"
490719500371,ARCHER FARMS - JINGLE BLEND INDULGENT TRAIL MIX
490719500371,"ARCHER FARMS - JINGLE BLEND INDULGENT TRAIL MIX WITH CHOCOLATE PEANUTS, RAISINS & ALMONDS, ROASTED CASHEWS, M&M'S MILK CHOCOLATE CANDIES & CHOCOLATE NONPAREILS, JINGLE BLEND"
490719501026,ARCHER FARMS - DELUXE ROASTED MIXED NUTS
490719501026,"ARCHER FARMS - DELUXE ROASTED MIXED NUTS WITH ALMONDS, CASHEWS, BRAZIL NUTS, HAZELNUTS & PECANS WITH SEA SALT, DELUXE ROASTED WITH SEA SALT"
490719501156,ARCHER FARMS - MERRY & BRIGHT INDULGENT SNACK MIX
490719501156,"ARCHER FARMS - MERRY & BRIGHT INDULGENT SNACK MIX WITH PEANUTS, RED & GREEN PRETZEL BALLS, ALMONDS, WHITE SWEETENED CRANBERRIES & COOKIES, MERRY & BRIGHT"
490719501170,ARCHER FARMS - SNACK BITES
490719501170,"ARCHER FARMS - CHOCOLATE PEPPERMINT SNACK BITES WITH CHOCOLATE COOKIE PIECES, MILK CHOCOLATE CHIPS, MARSHMALLOWS & PEPPERMINT CANDY, CHOCOLATE PEPPERMINT"
490719501286,"ARCHER FARMS - RUDOLPH'S MIX, INDULGENT SNACK MIX"
490719501286,"ARCHER FARMS - RUDOLPH'S MIX INDULGENT SNACK MIX WITH MILK CHOCOLATE & WHITE CHOCOLATE-COVERED CEREAL, GRAHAM BITES, M&M'S CHOCOLATE CANDIES & PEANUT BUTTER CUPS, RUDOLPH'S MIX"
490719501415,ARCHER FARMS - DARK CHOCOLATE SEA SALT CARAMEL SNACK BITES
490719501415,"ARCHER FARMS - DARK CHOCOLATE SEA SALT CARAMEL SNACK BITES WITH CASHEWS, COOKIE PIECES & CARAMEL BITS, DARK CHOCOLATE SEA SALT CARAMEL"
490719501446,ARCHER FARMS - TURTLE SNACK BITES
490719501446,"ARCHER FARMS - TURTLE SNACK BITES DIPPED IN MILK CHOCOLATE WITH CARAMEL BITS & PECANS, TURTLE"
490719501484,"MARKET PANTRY - MARKET PANTRY, FESTIVE SHAPES FRUIT SNACKS, MIXED FRUIT"
490719501484,"MARKET PANTRY - MIXED FRUIT STRAWBERRY, GRAPE, ORANGE & RASPBERRY FESTIVE SHAPES FRUIT-FLAVORED SNACKS, MIXED FRUIT"
490719501620,ARCHER FARMS - ROASTED JUMBO CASHEWS WITH SEA SALT
490719501620,"ARCHER FARMS - ROASTED JUMBO CASHEWS WITH SEA SALT, ROASTED WITH SEA SALT"
490719501637,ARCHER FARMS - INDULGENT SNACK MIX
490719501637,"ARCHER FARMS - SALTED CARAMEL INDULGENT SNACK MIX WITH CARAMEL-FLAVORED TRUFFLES, SALTED CARAMEL-FLAVORED CASHEWS, ALMONDS & DARK CHOCOLATE PRETZELS, SALTED CARAMEL"
490719501743,ARCHER FARMS - INDULGENT SNACK MIX
490719501743,"ARCHER FARMS - CHOCOLATE PEPPERMINT INDULGENT SNACK MIX WITH WHITE PEPPERMINT ALMONDS, CHOCOLATE PEPPERMINT PATTIES, CHOCOLATE NONPAREILS, ROASTED SALTED ALMONDS, CHOCOLATE MINT COOKIES & RED PRETZEL BALLS, CHOCOLATE PEPPERMINT"
490719501750,ARCHER FARMS - GINGERBREAD ALMONDS
490719501750,"ARCHER FARMS - GINGERBREAD ALMONDS, GINGERBREAD"
490719501910,"ARCHER FARMS - WHITE CHOCOLATE PEPPERMINT, CARAMEL CORN CLUSTERS"
490719501910,"ARCHER FARMS - WHITE CHOCOLATE PEPPERMINT CARAMEL CORN CLUSTERS, WHITE CHOCOLATE PEPPERMINT"
490719502115,ARCHER FARMS - CARAMEL CORN CLUSTERS
490719502115,"ARCHER FARMS - GINGERBREAD CARAMEL CORN CLUSTERS, GINGERBREAD"
490719502214,"ARCHER FARMS - DELUXE ROASTED MIXED NUTS WITH SEA SALT, WITH ALMONDS, CASHEWS, BRAZIL NUTS, HAZELNUTS & PECANS"
490719502214,"ARCHER FARMS - DELUXE ROASTED MIXED NUTS WITH ALMONDS, CASHEWS, BRAZIL NUTS, HAZELNUTS & PECANS WITH SEA SALT, DELUXE ROASTED WITH SEA SALT"
490719502221,ARCHER FARMS - ROASTED PISTACHIOS WITH SEA SALT
490719502221,"ARCHER FARMS - ROASTED PISTACHIOS WITH SEA SALT, ROASTED WITH SEA SALT"
490719502252,ARCHER FARMS - PEPPERMINT ALMONDS
490719502252,"ARCHER FARMS - PEPPERMINT ALMONDS, PEPPERMINT"
490719502313,ARCHER FARMS - CINNAMON PECAN CARAMEL CORN CLUSTERS
490719502313,"ARCHER FARMS - CINNAMON PECAN CARAMEL CORN CLUSTERS, CINNAMON PECAN"
490719502320,ARCHER FARMS - HOLIDAY DRIZZLE CARAMEL CORN CLUSTERS
490719502320,"ARCHER FARMS - HOLIDAY DRIZZLE CARAMEL CORN CLUSTERS, HOLIDAY DRIZZLE"
490719502344,ARCHER FARMS - HOLIDAY DRIZZLE PRETZEL RODS
490719502344,"ARCHER FARMS - HOLIDAY DRIZZLE PRETZEL RODS, HOLIDAY DRIZZLE"
490719502603,ARCHER FARMS - WHITE DRIZZLE PRETZEL RODS
490719502603,"ARCHER FARMS - WHITE DRIZZLE PRETZEL RODS DIPPED IN MILK CHOCOLATE, WHITE DRIZZLE MILK CHOCOLATE"
490719502610,ARCHER FARMS - TOFFEE CRUNCH PRETZEL RODS
490719502610,"ARCHER FARMS - TOFFEE CRUNCH PRETZEL RODS DIPPED IN MILK CHOCOLATE, TOFFEE CRUNCH MILK CHOCOLATE"
490719504232,ARCHER FARMS - PEPPERMINT PRETZEL RODS
490719504232,"ARCHER FARMS - PEPPERMINT PRETZEL RODS DIPPED IN WHITE FUDGE, PEPPERMINT WHITE FUDGE"
490940808222,MARKET PANTRY - MILK CHOCOLATE NUTRITION SHAKE ORIGINAL
490940808246,MARKET PANTRY - MILK CHOCOLATE NUTRITION SHAKE
490940822112,MARKET PANTRY - NUTRITION SHAKES
492030000226, NO MANUFACTURER - GREEN TEA WITH GINSENG AND HONEY
492030000752, NO MANUFACTURER - COLD-BREW COFFEE
492030001414, NO MANUFACTURER - LITE HALF&HALF ICED TEA LEMONADE
492030001414," NO MANUFACTURER - LITE HALF & HALF ICED TEA LEMONADE, LEMONADE"
492031300554,CRYSTAL LIGHT - DRINK MIX
492031301254,SIMPLY BALANCED - LIQUID WATER ENHANCER
492031301254,"SIMPLY BALANCED - STRAWBERRY WATERMELON LIQUID WATER ENHANCER, STRAWBERRY WATERMELON"
492031301261,SIMPLY BALANCED - LIQUID WATER ENHANCER
492031301261,"SIMPLY BALANCED - LEMONADE LIQUID WATER ENHANCER, LEMONADE"
492031301278,SIMPLY BALANCED - LIQUID WATER ENHANCER
492031301278,"SIMPLY BALANCED - PINEAPPLE COCONUT LIQUID WATER ENHANCER, PINEAPPLE COCONUT"
492031306013,MO MANUFACTURER - CRYSTAL LIGHT
492031306068,MO MANUFACTURER - RASPBERRY LEMONADE DRINK MIX
492031306150,"CRYSTAL LIGHT - CRYSTAL LIGHT, TRUVIA, NATURALLY SWEETENED DRINK MIX, TANGERINE MANGO"
492031401442,SIMPLY BALANCED - ORGANIC JUICE BEVERAGE FROM CONCENTRATE
492031401442,"SIMPLY BALANCED - APPLE ORGANIC JUICE BEVERAGE, APPLE"
492031401688,SIMPLY BALANCED - ORGANIC FRUIT PUNCH
492031401688,"SIMPLY BALANCED - FRUIT PUNCH ORGANIC JUICE, FRUIT PUNCH"
492031401718,SIMPLY BALANCED - ORGANIC JUICE
492031401718,"SIMPLY BALANCED - TROPICAL PUNCH ORGANIC JUICE, TROPICAL PUNCH"
492031404924,ARCHER FARMS - SALTED CARAMEL APPLE CIDER
492031404924,"ARCHER FARMS - SALTED CARAMEL APPLE CIDER, SALTED CARAMEL"
492031600135,SIMPLY BALANCED - ORGANIC FRUIT & VEGETABLE JUICE BEVERAGE BLEND
492031600135,"SIMPLY BALANCED - TROPICAL PUNCH ORGANIC FRUIT & VEGETABLE JUICE BEVERAGE BLEND, TROPICAL PUNCH"
492031600210,MARKET PANTRY - ICED POPS
492031600210,"MARKET PANTRY - POLAR FREEZES ICED POPS, BERRY PUNCH, TROPICAL PUNCH, STRAWBERRY, ORANGE, LEMON-LIME & GRAPE"
492031601255,SIMPLY BALANCED - 100% JUICE
492031601255,"SIMPLY BALANCED - APPLE ORGANIC JUICE, APPLE"
492031601262,SIMPLY BALANCED - ORGANIC JUICE BLEND
492031601262,"SIMPLY BALANCED - ORGANIC JUICE BLEND, FRUIT PUNCH"
492031601262,"SIMPLY BALANCED - FRUIT PUNCH ORGANIC JUICE, FRUIT PUNCH"
492031601279,SIMPLY BALANCED - 100% ORGANIC JUICE
492031601279,"SIMPLY BALANCED - BERRY BLEND ORGANIC JUICE, BERRY BLEND"
492032201041,SIMPLY BALANCED - UNSWEETENED SPARKLING WATER
492032201041,"SIMPLY BALANCED - TROPICAL CHERRY UNSWEETENED SPARKLING WATER, TROPICAL CHERRY"
492032201058,SIMPLY BALANCED - UNSWEETENED SPARKLING WATER
492032201058,"SIMPLY BALANCED - CUCUMBER MINT UNSWEETENED SPARKLING WATER, CUCUMBER MINT"
492032201065,SIMPLY BALANCED - UNSWEETENED SPARKLING WATER
492032201065,"SIMPLY BALANCED - CITRUS UNSWEETENED SPARKLING WATER, CITRUS"
492032201072,SIMPLY BALANCED - UNSWEETENED SPARKLING WATER
492032201072,"SIMPLY BALANCED - BLUEBERRY UNSWEETENED SPARKLING WATER, BLUEBERRY"
492032201089,SIMPLY BALANCED - UNSWEETENED SPARKLING WATER
492032201089,"SIMPLY BALANCED - GINGER PEACH UNSWEETENED SPARKLING WATER, GINGER PEACH"
492100501387,"MARKET PANTRY - MARKET PANTRY, DINO SHAPED CHICKEN NUGGETS"
492100501387,MARKET PANTRY - DINO SHAPED NUGGETS
492101200395,"MARKET PANTRY - BEEF & PORK SUMMER SAUSAGE, BEEF & PORK"
492111400341,ARCHER FARMS - SQUASH MEDLEY STEAM IN BAG
492111400341,"ARCHER FARMS - SQUASH STEAM IN BAG MEDLEY WITH SLICED YELLOW SQUASH & ZUCCHINI SQUASH, SQUASH"
492111402857,ARCHER FARMS - SWEET POTATOES
492111402857,"ARCHER FARMS - SWEET STEAM IN BAG POTATOES, SWEET"
492111403014,ARCHER FARMS - BRUSSELS SPROUTS
492111403014,ARCHER FARMS - STEAM IN BAG BRUSSELS SPROUTS
492111403397,"ARCHER FARMS - BROCCOLI MEDLEY WITH BROCCOLI, CAULIFLOWER & CARROTS"
492111403397,"ARCHER FARMS - BROCCOLI STEAM IN BAG MEDLEY WITH BROCCOLI, CAULIFLOWER & CARROTS, BROCCOLI"
492111403410,ARCHER FARMS - BROCCOLI & CAULIFLOWER
492111403410,ARCHER FARMS - STEAM IN BAG BROCCOLI & CAULIFLOWER
492111403458,ARCHER FARMS - SUGAR SNAP PEAS
492111403458,"ARCHER FARMS - SUGAR SNAP PEAS, SUGAR SNAP"
492112100127,ARCHER FARMS - ASPARAGUS SPEARS
492120202752,SIMPLY BALANCED - CONCORD GRAPE FRUIT SPREAD
492120202752,"SIMPLY BALANCED - CONCORD GRAPE ORGANIC FRUIT SPREAD, CONCORD GRAPE"
492120202769,SIMPLY BALANCED - STRAWBERRY FRUIT SPREAD
492120202769,"SIMPLY BALANCED - STRAWBERRY ORGANIC FRUIT SPREAD, STRAWBERRY"
492120202776,SIMPLY BALANCED - ORGANIC RASPBERRY FRUIT SPREAD
492120202776,"SIMPLY BALANCED - RASPBERRY ORGANIC FRUIT SPREAD, RASPBERRY"
492120203704,MARANATHA - NO STIR ALMOND BUTTER
492120204244,MARKET PANTRY - CREAMY PEANUT BUTTER
492120204244,"MARKET PANTRY - CREAMY PEANUT BUTTER, CREAMY"
492120204251,MARKET PANTRY - EXTRA CRUNCHY PEANUT BUTTER
492120204251,"MARKET PANTRY - EXTRA CRUNCHY PEANUT BUTTER, EXTRA CRUNCHY"
492120205241,"JUSTIN'S - JUSTIN'S, ALMOND BUTTER, VANILLA"
492120205241,"JUSTIN'S - VANILLA ALMOND BUTTER, VANILLA"
492120206859,JUSTIN'S - HAZELNUT BUTTER BLEND CHOCOLATE
492120206859,"JUSTIN'S - CHOCOLATE HAZELNUT BUTTER BLEND, CHOCOLATE"
492120400417,FRENCH'S - MUSTARD SPICY WITH CAYENNE PEPPER
492120401544,HEINZ - JALAPENO TOMATO KETCHUP
492120401827,HEINZ - YELLOW MUSTARD
492120402718,FRANK'S - REDHOT BUFFALO WINGS SAUCE
492120402961, NO MANUFACTURER - HARISSA MILD MOROCCAN RED PEPPER SAUCE
492120403210,MARKET PANTRY - BARBECUE SAUCE
492120403210,"MARKET PANTRY - HONEY BARBECUE SAUCE, HONEY"
492120404354,HEINZ 57 - SAUCE
492120404354,"HEINZ NORTH AMERICA, DIVISION OF H.J. HEINZ CO., L.P. - SAUCE"
492120800040,KEN'S STEAK HOUSE - CREAMY CAESAR DRESSING
492120800637,BEST FOODS - OLIVE OIL MAYONNAISE DRESSING
492120802020,BRIANNAS - BLUSH WINE VINAIGRETTE DRESSING
492120803300,BEST FOODS - LIGHT MAYONNAISE
492120804222,"ANNIE'S NATURALS - ANNIE'S NATURALS, ORGANIC COWGIRL RANCH DRESSING"
492120804727,ANNIE'S - BALSAMIC VINAIGRETTE
492120805632,NEWMAN'S OWN - HONEY MUSTARD LITE DRESSING
492121401635,"MARKET PANTRY - MARKET PANTRY, SWIFT MAC, MACARONI & CHEESE CUPS"
492121401635,"MARKET PANTRY - SWIFT MAC MACARONI & CHEESE CUPS, SWIFT MAC"
492122200015,SIMPLY BALANCED - PIZZA SAUCE
492122200015,"SIMPLY BALANCED - PIZZA SAUCE WITH ORGANIC TOMATO, BASIL & PARSLEY, PIZZA SAUCE"
492122200015,"SIMPLY BALANCED - PIZZA SAUCE WITH ORGANIC TOMATO, BASIL & PARSLEY, PIZZA"
492122200039,SIMPLY BALANCED - THIN & CRISPY PIZZA CRUST
492122613716,"MARKET PANTRY - MARKET PANTRY, PICANTE SAUCE, MILD"
492122613716,"MARKET PANTRY - MILD PICANTE SAUCE, MILD PICANTE"
492122613723,"MARKET PANTRY - MARKET PANTRY, MEDIUM PICANTE SAUCE"
492122613723,"MARKET PANTRY - MEDIUM PICANTE SAUCE, MEDIUM PICANTE"
492122613730,"MARKET PANTRY - MARKET PANTRY, PICANTE SAUCE, HOT"
492122613730,"MARKET PANTRY - HOT PICANTE SAUCE, HOT PICANTE"
492123006364,DYNASTY - SLICED BAMBOO SHOOTS
492123400063,SIMPLY BALANCED - ORGANIC QUINOA
492123404078,"SIMPLY BALANCED - SIMPLY BALANCED, SWEET OINON QUINOA & WHOLE WHEAT ORZO"
492123404078,"SIMPLY BALANCED - SWEET ONION QUINOA & WHOLE WHEAT ORZO, SWEET ONION"
492123404085,"SIMPLY BALANCED - SIMPLY BALANCED, SOY GINGER FARRO & WHOLE WHEAT ORZO"
492123404085,"SIMPLY BALANCED - SOY GINGER FARRO & WHOLE WHEAT ORZO, SOY GINGER"
492123404092,"SIMPLY BALANCED - SIMPLY BALANCED, HERB MEDLEY BULGUR & WHOLE WHEAT ORZO"
492123404092,"SIMPLY BALANCED - HERB MEDLEY BULGUR & WHOLE WHEAT ORZO, HERB MEDLEY"
492123404108,"SIMPLY BALANCED - SIMPLY BALANCED, GARLIC AND CHIVE FARRO & WHOLE WHEAT ORZO"
492123404108,"SIMPLY BALANCED - GARLIC AND CHIVE FARRO & WHOLE WHEAT ORZO, GARLIC AND CHIVE"
492123802416,"MARKET PANTRY - MARKET PANTRY, CORN & RICE PENNE PASTA BLEND"
492123802416,"MARKET PANTRY - GLUTEN FREE CORN & RICE PASTA BLEND, PENNE"
492123802423,"MARKET PANTRY - MARKET PANTRY, CORN & RICE ROTINI PASTA BLEND"
492123802423,"MARKET PANTRY - GLUTEN FREE CORN & RICE PASTA BLEND, ROTINI"
492123802430,"MARKET PANTRY - MARKET PANTRY, ELBOW, CORN & RICE PASTA BLEND"
492123802430,"MARKET PANTRY - GLUTEN FREE CORN & RICE PASTA BLEND, ELBOWS"
492123802447,"MARKET PANTRY - MARKET PANTRY, SPAGHETTI"
492123802447,"MARKET PANTRY - GLUTEN FREE CORN & RICE PASTA BLEND, SPAGHETTI"
492123802843,"SIMPLY BALANCED - SIMPLY BALANCED, MULTIGRAIN FUSILLI PASTA WITH QUINOA"
492123802843,"SIMPLY BALANCED - GLUTEN FREE MULTIGRAIN PASTA WITH QUINOA, FUSILLI"
492123802850,"SIMPLY BALANCED - SIMPLY BALANCED, ORGANIC BROWN RICE SPAGHETTI PASTA"
492123802850,"SIMPLY BALANCED - ORGANIC GLUTEN FREE BROWN RICE PASTA, SPAGHETTI"
492161300707,ARCHER FARMS - RED ENCHILADA SEASONING SAUCE
492161300707,"ARCHER FARMS - RED ENCHILADA SEASONING SAUCE, RED ENCHILADA"
492162300478,"ARCHER FARMS - BUFFALO-STYLE CHICKEN GRILLED WHITE-MEAT CHICKEN, PROVOLONE CHEESE & BUFFALO SAUCE ON A FLOUR TORTILLA WRAP, BUFFALO-STYLE CHICKEN"
492162300478,ARCHER FARMS - BUFFALO-STYLE CHICKEN WRAP
492162300478,"ARCHER FARMS - GRILLED WHITE-MEAT CHICKEN, PROVOLONE CHEESE & BUFFALO SAUCE ON A FLOUR TORTILLA WRAP, BUFFALO-STYLE CHICKEN"
492162300478,"ARCHER FARMS - BUFFALO-STYLE CHICKEN PROVOLONE CHEESE & BUFFALO SAUCE ON A FLOUR TORTILLA WRAP, BUFFALO-STYLE CHICKEN"
492162301444,ARCHER FARMS - TURKEY & HAVARTI SANDWICH
492162301444,"ARCHER FARMS - TURKEY & HAVARTI SANDWICH, TURKEY & HAVARTI"
492162301451,ARCHER FARMS - CHICKEN CAESAR WRAP
492162301451,"ARCHER FARMS - CHICKEN CAESAR PROVOLONE CHEESE & CAESAR DRESSING ON A GARDEN VEGETABLE WRAP, CHICKEN CAESAR"
492163301085,SIMPLY BALANCED - THAI SWEET CHILI HUMMUS
492163301085,"SIMPLY BALANCED - THAI SWEET CHILI ORGANIC HUMMUS, THAI SWEET CHILI"
492163402829,SIMPLY BALANCED - ORGANIC SHREDDED WHITE MEAT CHICKEN
492163402829,SIMPLY BALANCED - ORGANIC SHREDDED WHITE-MEAT CHICKEN
492163500631,ARCHER FARMS - MASHED POTATOES
492163500631,"ARCHER FARMS - TRADITIONAL MASHED POTATOES, TRADITIONAL"
492163500662,ARCHER FARMS - GREEN BEAN CASSEROLE
492163500662,"ARCHER FARMS - GREEN BEAN CASSEROLE, GREEN BEAN"
492163500679,ARCHER FARMS - CRANBERRY SAUCE
492163500679,"ARCHER FARMS - CRANBERRY SAUCE, CRANBERRY"
492180100104,MARKET PANTRY - STRAWBERRY LEMONADE FROSTED SUGAR COOKIES
492180100104,"MARKET PANTRY - STRAWBERRY LEMONADE FROSTED SUGAR COOKIES, STRAWBERRY LEMONADE FROSTED SUGAR"
492180100500,MARKET PANTRY - CAKE BITES
492180100500,"MARKET PANTRY - CAKE BITES, CAKE"
492180100517,MARKET PANTRY - SUGAR COOKIES
492180100517,"MARKET PANTRY - SUGAR COOKIES, SUGAR"
492180100531,"MARKET PANTRY - GINGERBREAD MINI FROSTED SUGAR COOKIES, GINGERBREAD"
492180100531,MARKET PANTRY - GINGERBREAD MINI FROSTED SUGAR COOKIES
492180100531,"MARKET PANTRY - GINGERBREAD FROSTED SUGAR MINI COOKIES, GINGERBREAD FROSTED SUGAR"
492180100548,MARKET PANTRY - CANDY COOKIES
492180100548,"MARKET PANTRY - CANDY COOKIES, CANDY"
492180100555,MARKET PANTRY - MINT CHIP FROSTED SUGAR COOKIES
492180100555,"MARKET PANTRY - MINT CHIP FROSTED SUGAR COOKIES, MINT CHIP FROSTED SUGAR"
492180100562,"MARKET PANTRY - SUGAR COOKIES, SUGAR"
492180100562,MARKET PANTRY - SUGAR COOKIES
492180100579,ARCHER FARMS - SALTED CARAMEL COOKIE TRAY WITH A FUDGE DIPPED COOKIE CENTER
492180100579,"ARCHER FARMS - SALTED CARAMEL COOKIE TRAY WITH A FUDGE DIPPED COOKIE CENTER, SALTED CARAMEL"
492180101286,MARKET PANTRY - MINI COOKIES
492180101286,"MARKET PANTRY - CHOCOLATE CHIP MINI COOKIES, CHOCOLATE CHIP"
492180112336,MARKET PANTRY - FROSTED SUGAR COOKIES
492180112336,"MARKET PANTRY - FROSTED SUGAR COOKIES, FROSTED SUGAR"
492180117065,MARKET PANTRY - CHOCOLATE CANDY COOKIES
492180117065,"MARKET PANTRY - CHOCOLATE CANDY COOKIES, CHOCOLATE CANDY"
492180117072,MARKET PANTRY - CHOCOLATE CHIP COOKIES
492180117072,"MARKET PANTRY - CHOCOLATE CHIP COOKIES, CHOCOLATE CHIP"
492180120614,MARKET PANTRY - JACK-O'-LANTERN COOKIES
492180120614,"MARKET PANTRY - JACK-O'-LANTERN COOKIES, JACK-O'-LANTERN"
492180120621,MARKET PANTRY - HALLOWEEN COOKIE TRAY
492180200255,"ARCHER FARMS - CARROT CREAM CHEESE, JAR CAKE WITH WALNUTS & RAISINS"
492180200255,"ARCHER FARMS - CARROT CREAM CHEESE JAR CAKE WITH WALNUTS & RAISINS, CARROT CREAM CHEESE"
492180200262,"ARCHER FARMS - CHOCOLATE PEANUT BUTTER JAR CAKE, CHOCOLATE PEANUT BUTTER"
492180200262,ARCHER FARMS - CHOCOLATE PEANUT BUTTER JAR CAKE
492180200279,ARCHER FARMS - TIRAMISU JAR CAKE
492180200279,"ARCHER FARMS - TIRAMISU JAR CAKE, TIRAMISU"
492180200620,ARCHER FARMS - NEW YORK-STYLE CHEESECAKE
492180200620,"ARCHER FARMS - NEW YORK-STYLE CHEESECAKE, NEW YORK-STYLE"
492180200637,ARCHER FARMS - CHEESECAKE
492180200637,"ARCHER FARMS - STRAWBERRY CHEESECAKE, STRAWBERRY"
492180200644,ARCHER FARMS - NEW YORK-STYLE CHEESECAKE
492180200644,"ARCHER FARMS - NEW YORK-STYLE CHEESECAKE, NEW YORK-STYLE"
492180200651,ARCHER FARMS - TRIPLE CHOCOLATE CHEESECAKE
492180200651,"ARCHER FARMS - TRIPLE CHOCOLATE CHEESECAKE, TRIPLE CHOCOLATE"
492180200668,"TARGET - VANILLA CAKE WITH REAL VANILLA BEAN FROSTING, VANILLA"
492180200668,NOT A BRANDED ITEM - VANILLA CAKE WITH VANILLA BEAN FROSTING
492180200675,NOT A BRANDED ITEM - CHOCOLATE CAKE WITH CHOCOLATE FROSTING
492180200675,"NOT A BRANDED ITEM - CHOCOLATE CAKE WITH FROSTING, CHOCOLATE"
492180200675,"TARGET - CHOCOLATE CAKE WITH CHOCOLATE FROSTING, CHOCOLATE"
492180200682,NOT A BRANDED ITEM - RED VELVET CAKE WITH REAL CREAM CHEESE FROSTING
492180200682,"TARGET - RED VELVET CAKE WITH REAL CREAM CHEESE FROSTING, RED VELVET"
492180200699,NOT A BRANDED ITEM - COOKIES & CREME
492180200699,"OREO - COOKIES & CREME CAKE, COOKIES & CREME"
492180200699,"TARGET - COOKIES & CREME CAKE, COOKIES & CREME"
492180200705,TARGET CORPORATION - MINI BUNDT CAKES
492180200705,"TARGET - CHOCOLATE MINI BUNDT CAKES WITH CHOCOLATE FILLING, CHOCOLATE"
492180200712,TARGET CORPORATION - RED VELVET MINI BUNDT CAKES WITH REAL CREAM CHEESE FILLING
492180200712,"TARGET - RED VELVET MINI BUNDT CAKES WITH REAL CREAM CHEESE FILLING, RED VELVET"
492180200729,TARGET CORPORATION - MINI BUNDT CAKES
492180200729,"TARGET - LEMON MINI BUNDT CAKES WITH LEMON FLAVORED FILLING, LEMON"
492180200736,"TARGET CORPORATION - MINI BUNDT CAKES, BLUEBERRY"
492180200736,TARGET CORPORATION - MINI BUNDT CAKES
492180200736,"TARGET - BLUEBERRY MINI BUNDT CAKES WITH BLUEBERRY FLAVORED FILLING, BLUEBERRY"
492180230016,"ARCHER FARMS - CHOCOLATE CREAM PIE, CHOCOLATE CREAM"
492180230016,ARCHER FARMS - PIE
492180230023,"ARCHER FARMS - LEMON MERINGUE PIE, LEMON MERINGUE"
492180230023,ARCHER FARMS - LEMON MERINGUE PIE
492180230030,"ARCHER FARMS - COCONUT CREAM PIE, COCONUT CREAM"
492180230030,ARCHER FARMS - COCONUT CREAM PIE
492180230047,"ARCHER FARMS - KEY LIME PIE, KEY LIME"
492180230047,ARCHER FARMS - KEY LIME PIE
492180500027,ARCHER FARMS - CINNAMON ROLLS WITH CREAM CHEESE ICING
492180500027,"ARCHER FARMS - CINNAMON ROLLS WITH CREAM CHEESE ICING, CINNAMON WITH CREAM CHEESE ICING"
492180500072,SIMPLY BALANCED - OATS AND CHOCOLATE CHEWY GRANOLA BARS
492180500089,SIMPLY BALANCED - CHEWY GRANOLA BARS
492180500102,"SIMPLY BALANCED - COOKIE BITES TRAIL MIX, COOKIE BITES"
492180500102,"SIMPLY BALANCED - TRAIL MIX COOKIE BITES, TRAIL MIX"
492180500584,SIMPLY BALANCED - CRANBERRY ORANGE MINI MUFFINS
492180500591,SIMPLY BALANCED - CHOCOLATE CHIP MINI MUFFINS
492180515496,"SIMPLY BALANCED - MIXED BERRY GRANOLA WITH CRANBERRIES, BLUEBERRIES & CURRANTS"
492180515496,"SIMPLY BALANCED - BERRY CRUNCH GRANOLA WITH CRANBERRIES, BLUEBERRIES & CURRANTS, BERRY CRUNCH GRANOLA"
492180515496,"SIMPLY BALANCED - BERRY CRUNCH GRANOLA WITH CRANBERRIES, BLUEBERRIES & CURRANTS, BERRY CRUNCH"
492250115625,NESTLE - CHOCOLATE CHIP
492250115625,"NESTLE - CHOCOLATE CHIP, CHOCOLATE"
492250115625,"TOLL HOUSE - CHOCOLATE CHIP FRESHLY BAKED COOKIES, CHOCOLATE CHIP"
492250115625,"BAKERY - CHOCOLATE CHIP COOKIES, CHOCOLATE CHIP"
492250116004,FAVORITE DAY BAKERY - BAKED IN STORE COOKIES
492271601015,ARCHER FARMS - BROWN SUGAR HAM
492271601015,"ARCHER FARMS - BROWN SUGAR HAM, BROWN SUGAR"
492271601039,ARCHER FARMS - CAJUN-STYLE TURKEY BREAST
492271601039,"ARCHER FARMS - CAJUN-STYLE TURKEY BREAST, CAJUN-STYLE"
492310001233,"MARKET PANTRY - MARKET PANTRY, FROSTED SHREDDED WHEAT CEREAL"
492310001233,"MARKET PANTRY - FROSTED SHREDDED WHEAT LIGHTLY SWEETENED WHOLE WHEAT CEREAL, FROSTED SHREDDED WHEAT"
492310002773,"MARKET PANTRY - MARKET PANTRY, WHOLE GRAIN CEREAL, TOASTED OATS"
492310002773,"MARKET PANTRY - MARKET PANTRY, WHOLE GRAIN CEREAL, TOASTED OATS, TOASTED OATS"
492310002773,"MARKET PANTRY - TOASTED OATS WHOLE GRAIN CEREAL, TOASTED OATS"
492310003206,MARKET PANTRY - CRISPY TOASTED FLAKES CEREAL
492310003206,"MARKET PANTRY - CORN FLAKES CRISPY TOASTED FLAKES CEREAL, CORN FLAKES"
492310003282,MARKET PANTRY - HONEY & OAT CLUSTERS WITH ALMONDS
492310003282,"MARKET PANTRY - HONEY & OAT CLUSTERS WITH ALMONDS LIGHTLY SWEETENED CORN & WHOLE WHEAT FLAKE CEREAL WITH GRANOLA & SLICED ALMONDS, HONEY & OAT CLUSTERS WITH ALMONDS"
492310003299,MARKET PANTRY - TOASTED OATS
492310300152,ARCHER FARMS - 100% PURE MAPLE SYRUP
492310300152,"ARCHER FARMS - MAPLE SYRUP, MAPLE"
492311009597,MARKET PANTRY - COFFEE CREAMER
492311009597,"MARKET PANTRY - EXTRA SWEET & CREAMY COFFEE CREAMER, EXTRA SWEET & CREAMY"
492311009603,MARKET PANTRY - CONCENTRATED COFFEE CREAMER
492311009603,"MARKET PANTRY - FRENCH VANILLA COFFEE CREAMER, FRENCH VANILLA"
492311009610,MARKET PANTRY - COFFEE CREAMER
492311009610,"MARKET PANTRY - HAZELNUT COFFEE CREAMER, HAZELNUT"
492311014805,ARCHER FARMS - LIGHT ROAST INSTANT COFFEE
492311014805,"ARCHER FARMS - LIGHT ROAST TOASTED HAZELNUT ARABICA GROUND INSTANT COFFEE, TOASTED HAZELNUT"
492311014812,ARCHER FARMS - INSTANT COFFEE
492311014812,"ARCHER FARMS - LIGHT ROAST VANILLA BEAN CREME BRULEE INSTANT COFFEE, VANILLA BEAN CREME BRULEE"
492311024033,ARCHER FARMS - APPLE CIDER
492311024033,"ARCHER FARMS - APPLE CIDER BEVERAGE MIX, APPLE CIDER"
492311300502,SIMPLY BALANCED - HONEY NUT HOOPS LIGHTLY SWEETENED OAT CEREAL TOUCHED WITH HONEY
492311300502,"SIMPLY BALANCED - HONEY NUT HOOPS ORGANIC LIGHTLY SWEETENED OAT CEREAL TOUCHED WITH HONEY, HONEY NUT HOOPS"
492311300595,SIMPLY BALANCED - ORGANIC PEANUT BUTTER POPPERS
492311300595,"SIMPLY BALANCED - PEANUT BUTTER POPPERS MULTIGRAIN CEREAL WITH ORGANIC PEANUT BUTTER COATING, PEANUT BUTTER POPPERS"
492311300601,SIMPLY BALANCED - LIGHTLY SWEETENED CEREAL
492311300601,"SIMPLY BALANCED - RAINBOW HOOPS LIGHTLY SWEETENED CEREAL, RAINBOW HOOPS"
492311300618,SIMPLY BALANCED - FROSTY FLAKES
492311300618,"SIMPLY BALANCED - FROSTY FLAKES TOASTED CORN FLAKES WITH A LIGHT ORGANIC SUGAR COATING, FROSTY FLAKES"
492311303138,ARCHER FARMS - APPLE CIDER GRANOLA
492311303138,"ARCHER FARMS - APPLE CIDER GRANOLA, APPLE CIDER"
492311303589,"ARCHER FARMS - DOUBLE CHOCOLATE CHUNK, GRANOLA"
492311303589,"ARCHER FARMS - DOUBLE CHOCOLATE CHUNK GRANOLA, DOUBLE CHOCOLATE CHUNK"
492311303862,ARCHER FARMS - GRANOLA
492311303893,ARCHER FARMS - GRANOLA WITH MARSHMALLOW PIECES & CHOCOLATE CHUNKS
492311400394,MARKET PANTRY - STEEL CUT OATS
492311402961,"SIMPLY BALANCED - SIMPLY BALANCED, ORGANIC INSTANT OATMEAL, APPLE CINNAMON"
492311402961,"SIMPLY BALANCED - APPLE CINNAMON ORGANIC INSTANT OATMEAL, APPLE CINNAMON"
492311402978,"SIMPLY BALANCED - SIMPLY BALANCED, ORGANIC INSTANT OATMEAL, MAPLE BROWN SUGAR"
492311402978,"SIMPLY BALANCED - MAPLE BROWN SUGAR ORGANIC INSTANT OATMEAL, MAPLE BROWN SUGAR"
492311402985,"SIMPLY BALANCED - SIMPLY BALANCED, ORGANIC INSTANT OATMEAL, TRIPLE BERRY"
492311402985,"SIMPLY BALANCED - TRIPLE BERRY ORGANIC INSTANT OATMEAL, TRIPLE BERRY"
492311600923, NO MANUFACTURER - DARK CHOCOLATE WITH CINNAMON HOT COCOA
492311600930, NO MANUFACTURER - HAZELNUT HOT COCOA
492312101757,"STARKIST - STARKIST, CHUNK LIGHT TUNA IN WATER"
492312101757,STARKIST - CHUNK LIGHT TUNA IN WATER
492451000720,"UP&UP - ORANGE FLAVOR GLUCOSE CHEWABLE TABLETS, ORANGE"
492451000720,"UP&UP - ORANGE GLUCOSE CHEWABLE TABLETS, ORANGE"
492451001468,"UP&UP - GLUCOSE CHEWABLE TABLETS, RASPBERRY, RASPBERRY"
492451001642,"UP&UP - TROPICAL FRUIT FLAVORED GLUCOSE CHEWABLE TABLETS, TROPICAL FRUIT"
492451001642,"UP&UP - GLUCOSE CHEWABLE TABLETS, TROPICAL FRUIT, TROPICAL FRUIT"
492610127404,MARKET PANTRY - WHITE HAMBURGER BUNS
492610127404,"MARKET PANTRY - WHITE HAMBURGER BUNS, WHITE"
492610127411,MARKET PANTRY - WHITE HOT DOG BUNS
492610127411,"MARKET PANTRY - WHITE HOT DOG BUNS, WHITE"
492610203054,SIMPLY BALANCED - CHILI POWDER
492610203054,SIMPLY BALANCED - ORGANIC CHILI POWDER
492610203627,ARCHER FARMS - EVERYDAY SEASONING
492610203627,"ARCHER FARMS - EVERYDAY SEASONING SPICE BLEND, EVERYDAY SEASONING"
492610203634,ARCHER FARMS - SPICE BLEND
492610203634,"ARCHER FARMS - MEDITERRANEAN SEASONING SPICE BLEND WITH DILL, FENNEL & BASIL, MEDITERRANEAN SEASONING"
492610203672,ARCHER FARMS - STEAK SEASONING SPICE BLEND
492610203672,"ARCHER FARMS - STEAK SEASONING SPICE BLEND WITH BLACK PEPPER, ONION & GARLIC, STEAK SEASONING"
492610205379,ARCHER FARMS - CELERY SALT
492610205379,"ARCHER FARMS - CELERY SALT, CELERY"
492610205386,ARCHER FARMS - CHILI POWDER
492610205485,ARCHER FARMS - CRYSTALLIZED GINGER
492610205485,"ARCHER FARMS - CRYSTALLIZED GINGER, CRYSTALLIZED"
492610205591,ARCHER FARMS - GARLIC SALT
492610205591,"ARCHER FARMS - GARLIC SALT, GARLIC"
492610205881,ARCHER FARMS - ONION SALT
492610205881,"ARCHER FARMS - ONION SALT, ONION"
492610208738,ARCHER FARMS - HIMALAYAN PINK SALT
492610208738,"ARCHER FARMS - HIMALAYAN PINK SALT, HIMALAYAN PINK"
492610210632,ARCHER FARMS - MULLING SPICES
492610211288,SIMPLY BALANCED - CHIA SEED
492610211288,SIMPLY BALANCED - ORGANIC CHIA SEED
492610211295,SIMPLY BALANCED - FLAX SEED
492610211295,SIMPLY BALANCED - ORGANIC FLAX SEED
492610212100,ARCHER FARMS - HIMALAYAN PINK SALT
492610212100,"ARCHER FARMS - HIMALAYAN PINK SALT GRINDER, HIMALAYAN PINK"
492610212117,ARCHER FARMS - MEDITERRANEAN SEA SALT GRINDER
492610212117,"ARCHER FARMS - MEDITERRANEAN SEA SALT GRINDER, MEDITERRANEAN"
492610300463,MARKET PANTRY - NONSTICK COCONUT OIL COOKING SPRAY
492610300463,"MARKET PANTRY - COCONUT OIL NONSTICK COOKING SPRAY, COCONUT OIL"
492610300562,MARKET PANTRY - NONSTICK OLIVE OIL COOKING SPRAY
492610300562,"MARKET PANTRY - OLIVE OIL NONSTICK COOKING SPRAY, OLIVE OIL"
492610300579,MARKET PANTRY - NONSTICK CANOLA COOKING SPRAY
492610300579,"MARKET PANTRY - CANOLA NONSTICK COOKING SPRAY, CANOLA"
492610300586,MARKET PANTRY - NONSTICK BUTTER NATURALLY FLAVORED COOKING SPRAY
492610300586,"MARKET PANTRY - BUTTER NONSTICK COOKING SPRAY, BUTTER"
492610301590,MARKET PANTRY - NONSTICK BAKING COOKING SPRAY
492610405069,IMMACULATE - ORGANIC PANCAKE & WAFFLE MIX
492610502461,"MARKET PANTRY - MARKET PANTRY, SEMI-SWEET CHOCOLATE MORSELS"
492610502461,"MARKET PANTRY - SEMI-SWEET CHOCOLATE MORSELS, SEMI-SWEET CHOCOLATE"
492610504083,SIMPLY BALANCED - SEMI-SWEET CHOCOLATE CHIPS
492610504083,"SIMPLY BALANCED - SEMI-SWEET ORGANIC 51% CACAO CHOCOLATE CHIPS, SEMI-SWEET"
492610504090,SIMPLY BALANCED - DARK CHOCOLATE CHUNKS
492610504090,"SIMPLY BALANCED - DARK CHOCOLATE ORGANIC 72% CACAO CHUNKS, DARK CHOCOLATE"
492610602314,"SIMPLY BALANCED - SIMPLY BALANCED, ORGANIC COCONUT FLOUR"
492610602314,SIMPLY BALANCED - COCONUT FLOUR
492610602314,SIMPLY BALANCED - ORGANIC COCONUT FLOUR
492610602321,"SIMPLY BALANCED - SIMPLY BALANCED, BLANCHED ALMOND FLOUR"
492610602321,SIMPLY BALANCED - BLANCHED ALMOND FLOUR
492610602345,SIMPLY BALANCED - WHOLE WHEAT FLOUR
492610602345,SIMPLY BALANCED - ORGANIC WHOLE WHEAT FLOUR
492610602352,"SIMPLY BALANCED - SIMPLY BALANCED, FLOUR BLEND"
492610602352,SIMPLY BALANCED - GLUTEN FREE FLOUR BLEND
492610700584,SIMPLY BALANCED - RED SEEDLESS GRAPES FREEZE DRIED FRUIT
492610700584,"SIMPLY BALANCED - SIMPLY BALANCED, FREEZE DRIED RED SEEDLESS GRAPES FRUIT"
492610702229,SIMPLY BALANCED - STRAWBERRY SLICES FREEZE DRIED FRUIT
492610900205,MARKET PANTRY - ICE CREAM CUPS
492610900229,MARKET PANTRY - MARASCHINO CHERRIES WITHOUT STEMS
492610900229,"MARKET PANTRY - MARASCHINO CHERRIES WITHOUT STEMS, MARASCHINO"
492610900236,MARKET PANTRY - MARASCHINO CHERRIES WITH STEMS
492610900236,"MARKET PANTRY - MARASCHINO CHERRIES WITH STEMS, MARASCHINO"
492611201592,ARCHER FARMS - QUICK BREAD MIX
492681200204,ARCHER FARMS - CHICKEN BREAST STRIPS
492681200204,"ARCHER FARMS - FAJITA-SEASONED CHICKEN BREAST STRIPS, FAJITA-SEASONED CHICKEN"
492681200204,"ARCHER FARMS - FAJITA-SEASONED CHICKEN BREAST STRIPS, FAJITA-SEASONED"
492681200211,"ARCHER FARMS - TERIYAKI BEEF SIRLOIN STRIPS, TERIYAKI"
492681200273,ARCHER FARMS - BEEF SIRLOIN
492681200273,"ARCHER FARMS - BEEF SIRLOIN FOR LONDON BROIL, LONDON BROIL"
492681205070,ARCHER FARMS - BACON CHEDDAR STUFFED PORK CHOPS
492700000143,"ARCHER FARMS - ROASTED SWEET POTATO, KALE & CRANBERRY"
492700000143,"ARCHER FARMS - ROASTED SWEET POTATO, KALE & CRANBERRY, ROASTED"
492700000198,ARCHER FARMS - MOROCCAN INSPIRED QUINOA & KALE BLEND
492700000198,"ARCHER FARMS - MOROCCAN INSPIRED QUINOA & KALE STEAM IN BAG SEASONED QUINOA, KALE, BUTTERNUT SQUASH, APPLE, GARLIC & EXTRA VIRGIN OLIVE OIL BLEND, MOROCCAN INSPIRED QUINOA & KALE"
492700600374,ARCHER FARMS - BACON WRAPPED SMOKIES WITH CHEESE
492700600374,ARCHE FARMS - BACON WRAPPED SMOKIES WITH CHEESE
492700600374,"ARCHER FARMS - BACON-WRAPPED SMOKIES WITH CHEESE, BACON-WRAPPED"
492700600381,"ARCHER FARMS - MUSHROOM RICE WITH MUSHROOMS, FONTINA CHEESE & A HINT OF TRUFFLE OIL ROLLED IN PANKO BREADING RISOTTO BITES, MUSHROOM"
492700600381,ARCHER FARMS - MUSHROOM RISOTTO BITES
492700600381,"ARCHER FARMS - MUSHROOM RISOTTO BITES RICE WITH MUSHROOMS, FONTINA CHEESE & A HINT OF TRUFFLE OIL ROLLED IN PANKO BREADING, MUSHROOM"
492700600398,ARCHER FARMS - PUFF PASTRY WRAPPED MINI UNCURED BEEF HOT DOGS
492700600398,"ARCHER FARMS - PARMESAN CHEESE PUFF PASTRY WRAPPED MINI UNCURED BEEF HOT DOGS, PARMESAN CHEESE"
492701100767,MARKET PANTRY - ITALIAN-STYLE LASAGNA WITH MEAT SAUCE
492701100767,"MARKET PANTRY - ITALIAN-STYLE LASAGNA WITH MEAT SAUCE, ITALIAN-STYLE"
492701400829,SIMPLY BALANCED - ORGANIC PINEAPPLE CHUNK
492701400829,SIMPLY BALANCED - ORGANIC PINEAPPLE CHUNKS
492701400836,SIMPLY BALANCED - ORGANIC MANGO CHUNKS
492701400843,SIMPLY BALANCED - WILD BLUEBERRIES
492701400843,SIMPLY BALANCED - ORGANIC WILD BLUEBERRIES
492701400850,SIMPLY BALANCED - ORGANIC BLACKBERRIES
492701400867,SIMPLY BALANCED - ORGANIC STRAWBERRY & BANANA FRUIT BLEND
492701400867,"SIMPLY BALANCED - STRAWBERRY & BANANA ORGANIC FRUIT BLEND, STRAWBERRY & BANANA"
492701400874,SIMPLY BALANCED - ORGANIC CHERRIES & BERRIES FRUIT BLEND
492701400874,"SIMPLY BALANCED - CHERRIES & BERRIES ORGANIC FRUIT BLEND, CHERRIES & BERRIES"
492710201332,HONEST TEA - ORGANIC PEACH TEA
492710201349,HONEST - ORGANIC HALF TEA & HALF LEMONADE
492710202469,XINGTEA - GREEN TEA AND GINSENG
492710202483,XINGTEA - HALF&HALF PREMIUM TEA & LEMONADE
492711000354,THE COCA-COLA COMPANY - COLA
492715501338,"ROCKSTAR - ROCKSTAR, ENERGY DRINK"
492715501345,"ROCKSTAR - ROCKSTAR, ENERGY DRINK"
492716500385,STARBUCKS - FRAPPUCCINO CHILLED COFFEE DRINK
492716500392,"STARBUCKS - STARBUCKS, FRAPPUCCINO, CHILLED COFFEE DRINK, S'MORES"
492716500842,"STARBUCKS - STARBUCKS, FRAPPUCCINO, CHILLED COFFEE DRINK , MOCHA"
492716500859, NO MANUFACTURER - CHILLED COFFEE DRINK
492716507124, NO MANUFACTURER - DOUBLESHOT ENERGY COFFEE BEVERAGE
492716507131," NO MANUFACTURER - STARBUCKS, DOUBLESHOT ENERGY, ENERGY COFFEE BEVERAGE"
492840301025,MARKET PANTRY - CAGE FREE FRESH EGGS
492840400674,SIMPLY BALANCED - ORANGE PEACH MANGO JUICE
492840400674,"SIMPLY BALANCED - ORANGE PEACH MANGO ORGANIC JUICE, ORANGE PEACH MANGO"
492840400681,SIMPLY BALANCED - ORANGE STRAWBERRY BANANA JUICE
492840400681,"SIMPLY BALANCED - ORANGE STRAWBERRY BANANA ORGANIC JUICE, ORANGE STRAWBERRY BANANA"
492840400698,SIMPLY BALANCED - ORGANIC JUICE FROM CONCENTRATE
492840400698,"SIMPLY BALANCED - ORGANIC JUICE FROM CONCENTRATE, PINEAPPLE ORANGE"
492840400698,"SIMPLY BALANCED - PINEAPPLE ORANGE ORGANIC JUICE, PINEAPPLE ORANGE"
492840400803,MARKET PANTRY - 100% ORANGE JUICE
492840400803,"MARKET PANTRY - ORANGE JUICE, ORANGE"
492840400988,NOT A BRANDED ITEM - 100% ORANGE JUICE
492841002426,"SIMPLY BALANCED - COCONUT BLENDED GREEK NONFAT YOGURT, COCONUT"
492841002426,SIMPLY BALANCED - BLENDED GREEK NONFAT YOGURT
492841016508,MARKET PANTRY - LOWFAT YOGURT
492841016508,"MARKET PANTRY - COTTON CANDY LOW-FAT YOGURT POUCHES, COTTON CANDY"
492841016522,MARKET PANTRY - 1.5% MILKFAT LOWFAT YOGURT POUCHES
492841016522,"MARKET PANTRY - STRAWBERRY BANANA LOWFAT YOGURT POUCHES, STRAWBERRY BANANA"
492841016539,MARKET PANTRY - LOWFAT YOGURT POUCHES
492841016539,"MARKET PANTRY - MIXED BERRY LOW-FAT YOGURT POUCHES, MIXED BERRY"
492841102133,"MARKET PANTRY - MARKET PANTRY, SHREDDED GOUDA CHEESE"
492841102133,"MARKET PANTRY - GOUDA SHREDDED CHEESE, GOUDA"
492841106308,"MARKET PANTRY - MARKET PANTRY, FINELY SHREDDED MILD CHEDDAR CHEESE"
492841106308,"MARKET PANTRY - MILD CHEDDAR FINELY SHREDDED CHEESE, MILD CHEDDAR"
492841106315,"MARKET PANTRY - MARKET PANTRY, MEXICAN-STYLE SHREDDED CHEESE"
492841106315,"MARKET PANTRY - MEXICAN-STYLE A BLEND OF MONTEREY JACK, CHEDDAR, QUESO QUESADILLA & ASADERO SHREDDED CHEESE, MEXICAN-STYLE"
492841106322,"MARKET PANTRY - MARKET PANTRY, SHREDDED CHEDDAR CHEESE"
492841106322,"MARKET PANTRY - MILD CHEDDAR SHREDDED CHEESE, MILD CHEDDAR"
492841106339,"MARKET PANTRY - MARKET PANTRY, LOW-MOISTURE PART-SKIM SHREDDED MOZZARELLA CHEESE"
492841106339,"MARKET PANTRY - MOZZARELLA LOW-MOISTURE PART-SKIM SHREDDED CHEESE, MOZZARELLA"
492841106346,"MARKET PANTRY - MARKET PANTRY, COLBY JACK SHREDDED CHEESE"
492841106346,"MARKET PANTRY - COLBY JACK A BLEND OF COLBY & MONTEREY JACK SHREDDED CHEESE, COLBY JACK"
492841106353,MARKET PANTRY - SHREDDED CHEDDAR CHEESE
492841106353,"MARKET PANTRY - MILD CHEDDAR SHREDDED CHEESE, MILD CHEDDAR"
492841106360,MARKET PANTRY - LOW-MOISTURE PART-SKIM MOZZARELLA SHREDDED CHEESE
492841106360,"MARKET PANTRY - MOZZARELLA LOW-MOISTURE PART-SKIM SHREDDED CHEESE, MOZZARELLA"
492841106377,MARKET PANTRY - SHREDDED COLBY JACK CHEESE
492841106377,"MARKET PANTRY - COLBY JACK A BLEND OF COLBY & MONTEREY JACK SHREDDED CHEESE, COLBY JACK"
492841106384,"MARKET PANTRY - MARKET PANTRY, TACO BLEND FINELY SHREDDED CHEESE"
492841106384,"MARKET PANTRY - TACO BLEND OF CHEDDAR & MONTEREY JACK FINELY SHREDDED CHEESES WITH TACO SEASONINGS, TACO BLEND"
492841106414,MARKET PANTRY - LOW-MOISTURE PART-SKIM MOZZARELLA CHEESE
492841106414,"MARKET PANTRY - MOZZARELLA LOW-MOISTURE PART-SKIM CHEESE, MOZZARELLA"
492841106421,MARKET PANTRY - COLBY JACK CHEESE
492841106421,"MARKET PANTRY - COLBY JACK A BLEND OF COLBY & MONTEREY JACK CHEESE, COLBY JACK"
492841106438,MARKET PANTRY - PEPPER JACK CHEESE
492841106438,"MARKET PANTRY - PEPPER JACK MONTEREY JACK CHEESE WITH JALAPENO PEPPERS, PEPPER JACK"
492841106445,MARKET PANTRY - MONTEREY JACK CHEESE
492841106445,"MARKET PANTRY - MONTEREY JACK CHEESE, MONTEREY JACK"
492841106469,MARKET PANTRY - SHARP CHEDDAR CHEESE
492841106469,"MARKET PANTRY - SHARP CHEDDAR CHEESE, SHARP CHEDDAR"
492841106506,MARKET PANTRY - SHARP CHEDDAR CHEESE
492841106506,"MARKET PANTRY - SHARP CHEDDAR CHEESE, SHARP CHEDDAR"
492841106513,MARKET PANTRY - MEDIUM CHEDDAR CHEESE
492841106513,"MARKET PANTRY - MEDIUM CHEDDAR CHEESE, MEDIUM CHEDDAR"
492841106537,MARKET PANTRY - MONTEREY JACK CHEESE
492841106537,"MARKET PANTRY - MONTEREY JACK CHEESE, MONTEREY JACK"
492841106544,MARKET PANTRY - MEDIUM CHEDDAR CHEESE
492841106544,"MARKET PANTRY - MEDIUM CHEDDAR CHEESE, MEDIUM CHEDDAR"
492841106551,MARKET PANTRY - MILD CHEDDAR CHEESE
492841106551,"MARKET PANTRY - MILD CHEDDAR CHEESE, MILD CHEDDAR"
492841106575,MARKET PANTRY - SHARP CHEDDAR CHEESE
492841106575,"MARKET PANTRY - SHARP CHEDDAR CHEESE, SHARP CHEDDAR"
492841106582,MARKET PANTRY - SWISS CHEESE
492841106582,"MARKET PANTRY - SWISS CHEESE, SWISS"
492841106629,"MARKET PANTRY - MARKET PANTRY, SHREDDED CHEDDAR JACK CHEESE"
492841106629,"MARKET PANTRY - CHEDDAR JACK A BLEND OF CHEDDAR & MONTEREY JACK SHREDDED CHEESE, CHEDDAR JACK"
492841106636,"MARKET PANTRY - MARKET PANTRY, FINELY SHREDDED MOZZARELLA & PARMESAN CHEESE"
492841106636,"MARKET PANTRY - MOZZARELLA & PARMESAN LOW-MOISTURE PART-SKIM FINELY SHREDDED CHEESE, MOZZARELLA & PARMESAN"
492841106643,"MARKET PANTRY - MARKET PANTRY, MEDIUM CHEDDAR SHREDDED CHEESE"
492841106643,"MARKET PANTRY - MEDIUM CHEDDAR SHREDDED CHEESE, MEDIUM CHEDDAR"
492841106650,"MARKET PANTRY - MARKET PANTRY, SHARP SHREDDED CHEDDAR CHEESE"
492841106650,"MARKET PANTRY - SHARP CHEDDAR SHREDDED CHEESE, SHARP CHEDDAR"
492841106674,"MARKET PANTRY - MARKET PANTRY, ITALIAN-STYLE FINELY SHREDDED CHEESE"
492841106674,"MARKET PANTRY - ITALIAN-STYLE A BLEND OF LOW-MOISTURE PART-SKIM MOZZARELLA, SMOKED PROVOLONE, WHITE CHEDDAR, ROMANO & ASIAGO FINELY SHREDDED CHEESE, ITALIAN-STYLE"
492841106681,"MARKET PANTRY - MARKET PANTRY, LOW MOISTURE PART-SKIM MOZZARELLA SHREDDED CHEESE"
492841106681,"MARKET PANTRY - MOZZARELLA LOW-MOISTURE PART-SKIM FINELY SHREDDED CHEESE, MOZZARELLA"
492841106698,"MARKET PANTRY - MARKET PANTRY, FINELY SHREDDED CHEDDAR JACK CHEESE"
492841106698,"MARKET PANTRY - CHEDDAR JACK A BLEND OF CHEDDAR & MONTEREY JACK FINELY SHREDDED CHEESE, CHEDDAR JACK"
492841106803,"MARKET PANTRY - MARKET PANTRY, SHREDDED MILD CHEDDAR CHEESE"
492841106803,"MARKET PANTRY - MILD CHEDDAR REDUCED FAT SHREDDED CHEESE, MILD CHEDDAR"
492841106810,"MARKET PANTRY - MARKET PANTRY, MEXICAN-STYLE SHREDDED CHEESE"
492841106810,"MARKET PANTRY - MEXICAN-STYLE A BLEND OF REDUCED FAT CHEDDAR, MONTEREY JACK, QUESO QUESADILLA & ASADERO SHREDDED CHEESE, MEXICAN-STYLE"
492841106827,"MARKET PANTRY - MARKET PANTRY, SHREDDED MOZZARELLA CHEESE"
492841106827,"MARKET PANTRY - MOZZARELLA REDUCED FAT LOW-MOISTURE PART-SKIM SHREDDED CHEESE, MOZZARELLA"
492841107084,MARKET PANTRY - MEXICAN-STYLE SHREDDED CHEESE
492841107084,"MARKET PANTRY - MEXICAN-STYLE A BLEND OF MONTEREY JACK, CHEDDAR, QUESO QUESADILLA & ASADERO SHREDDED CHEESE, MEXICAN-STYLE"
492841108081,MARKET PANTRY - WHITE CHEDDAR CHEESE
492841108081,"MARKET PANTRY - EXTRA SHARP WHITE CHEDDAR CHEESE, EXTRA SHARP WHITE CHEDDAR"
492841108104,"MARKET PANTRY - MARKET PANTRY, FINELY SHREDDED PIZZA BLEND CHEDDAR & MONTEREY JACK CHEESE"
492841108104,"MARKET PANTRY - PIZZA BLEND A BLEND OF LOW-MOISTURE PART-SKIM MOZZARELLA, CHEDDAR & MONTEREY JACK FINELY SHREDDED CHEESE, PIZZA BLEND"
492841108333,MARKET PANTRY - SHARP CHEDDAR CHEESE
492841108333,"MARKET PANTRY - SHARP CHEDDAR REDUCED FAT CHEESE, SHARP CHEDDAR"
492841108371,"MARKET PANTRY - MARKET PANTRY, SHREDDED COLBY JACK CHEESE"
492841108371,"MARKET PANTRY - COLBY JACK A BLEND OF REDUCED FAT COLBY & MONTEREY JACK SHREDDED CHEESE, COLBY JACK"
492841108548,MARKET PANTRY - MOZZARELLA CHEESE
492841108548,"MARKET PANTRY - MOZZARELLA LOW-MOISTURE PART-SKIM CHEESE, MOZZARELLA"
492841108746,"MARKET PANTRY - MARKET PANTRY, FINELY SHREDDED PARMESAN CHEESE"
492841108746,"MARKET PANTRY - PARMESAN FINELY SHREDDED CHEESE, PARMESAN"
492841109286,MARKET PANTRY - CHIPOTLE CHEDDAR CHEESE WITH CHIPOTLE PEPPERS
492841109286,"MARKET PANTRY - CHIPOTLE CHEDDAR CHEESE WITH CHIPOTLE PEPPERS, CHIPOTLE CHEDDAR"
492841109804,MARKET PANTRY - PEPPER JACK CHEESE
492841109804,"MARKET PANTRY - PEPPER JACK REDUCED FAT MONTEREY JACK CHEESE WITH JALAPENO PEPPERS, PEPPER JACK"
492841109835,MARKET PANTRY - NATURAL CHEESE PARMESAN
492841109835,"MARKET PANTRY - PARMESAN CHEESE, PARMESAN"
492841109897,"MARKET PANTRY - MARKET PANTRY, TRIPLE CHEDDAR SHREDDED CHEESE"
492841109897,"MARKET PANTRY - TRIPLE CHEDDAR BLEND OF MARBLE CHEDDAR, WISCONSIN SHARP CHEDDAR & NEW YORK SHARP CHEDDAR SHREDDED CHEESE, TRIPLE CHEDDAR"
492841109903,"MARKET PANTRY - MARKET PANTRY, MAC & CHEESE BLEND"
492841109903,"MARKET PANTRY - MAC & CHEESE BLEND A BLEND OF SHARP CHEDDAR, PASTEURIZED PROCESS WHITE AMERICAN & SWISS SHREDDED CHEESE, MAC & CHEESE BLEND"
492841109910,"MARKET PANTRY - MARKET PANTRY, SHREDDED MOZZARELLA & PROVOLONE CHEESE"
492841109910,"MARKET PANTRY - MOZZARELLA & PROVOLONE LOW-MOISTURE PART-SKIM SHREDDED CHEESE, MOZZARELLA & PROVOLONE"
492841112309,"MARKET PANTRY - MARKET PANTRY, SHARP SHREDDED CHEDDAR CHEESE"
492841112309,"MARKET PANTRY - SHARP CHEDDAR SHREDDED CHEESE, SHARP CHEDDAR"
492841112316,"MARKET PANTRY - MARKET PANTRY, REDUCED FAT SHREDDED MOZZARELLA CHEESE"
492841112316,"MARKET PANTRY - MOZZARELLA REDUCED FAT LOW-MOISTURE PART-SKIM SHREDDED CHEESE, MOZZARELLA"
492841112323,"MARKET PANTRY - MARKET PANTRY, MEXICAN-STYLE SHREDDED CHEESE"
492841112323,"MARKET PANTRY - MEXICAN-STYLE A BLEND OF MONTEREY JACK, CHEDDAR, QUESO QUESADILLA & ASADERO SHREDDED CHEESE, MEXICAN-STYLE"
492841112330,"MARKET PANTRY - MARKET PANTRY, MEXICAN-STYLE SHREDDED CHEESE BLEND"
492841112330,"MARKET PANTRY - MEXICAN-STYLE A BLEND OF REDUCED FAT CHEDDAR, MONTEREY JACK, QUESO QUESADILLA & ASADERO SHREDDED CHEESE, MEXICAN-STYLE"
492841112347,"MARKET PANTRY - MARKET PANTRY, FINELY SHREDDED CHEDDAR JACK CHEESE"
492841112347,"MARKET PANTRY - CHEDDAR JACK A BLEND OF CHEDDAR & MONTEREY JACK FINELY SHREDDED CHEESE, CHEDDAR JACK"
492841112972,"MARKET PANTRY - MARKET PANTRY, SHREDDED SHARP CHEDDAR CHEESE"
492841112972,"MARKET PANTRY - SHARP CHEDDAR REDUCED FAT SHREDDED CHEESE, SHARP CHEDDAR"
492860100301,ARCHER FARMS - TRADITIONAL POTATO CHIPS
492860100301,"ARCHER FARMS - TRADITIONAL POTATO CHIPS, TRADITIONAL"
492860100325,ARCHER FARMS - POTATO CHIPS
492860100325,"ARCHER FARMS - JALAPENO POTATO CHIPS, JALAPENO"
492860100332,ARCHER FARMS - POTATO CHIPS
492860100332,"ARCHER FARMS - SEA SALT & VINEGAR POTATO CHIPS, SEA SALT & VINEGAR"
492860100349,ARCHER FARMS - POTATO CHIPS
492860100349,"ARCHER FARMS - PARMESAN GARLIC POTATO CHIPS, PARMESAN GARLIC"
492860300046,ARCHER FARMS - CHICKEN CAESAR SALAD
492860300046,"ARCHER FARMS - CHICKEN CAESAR SALAD, CHICKEN CAESAR"
492860300053,ARCHER FARMS - COBB SALAD
492860300053,"ARCHER FARMS - COBB SALAD WITH HARD BOILED EGGS, TURKEY BREAST, BACON BITS & BLUE CHEESE DRESSING, COBB"
492860300060,ARCHER FARMS - CHEF SALAD
492860300060,"ARCHER FARMS - CHEF SALAD WITH TURKEY BREAST, SWISS CHEESE, HAM & RANCH DRESSING, CHEF"
492860300077,ARCHER FARMS - CHICKEN CAESAR WRAP
492860300077,"ARCHER FARMS - CHICKEN CAESAR GREEN LEAF LETTUCE, PARMESAN CHEESE & A CREAMY SPREAD WRAPPED IN A SPINACH TORTILLA WRAP, CHICKEN CAESAR"
492860300145,ARCHER FARMS - CHICKEN CAESAR PASTA SALAD
492860300145,"ARCHER FARMS - CHICKEN CAESAR PASTA SALAD WITH TOMATOES, PARMESAN CHEESE & BABY SPINACH, CHICKEN CAESAR PASTA"
492860300244,ARCHER FARMS - BUFFALO-STYLE CHICKEN WRAP
492860300244,"ARCHER FARMS - BUFFALO-STYLE CHICKEN GREEN LEAF LETTUCE & BLUE CHEESE WRAPPED IN A TOMATO TORTILLA WRAP, BUFFALO-STYLE CHICKEN"
492860300251,ARCHER FARMS - FRUIT & CHEESE SNACK BOX
492860300251,"ARCHER FARMS - FRUIT & CHEESE ALMONDS, CHOCOLATE SQUARES & CRACKERS SNACK BOX, FRUIT & CHEESE"
492860300329,ARCHER FARMS - SLICED APPLES WITH PEANUT BUTTER
492860300329,"ARCHER FARMS - SLICED APPLES WITH PEANUT BUTTER, PEANUT BUTTER"
492860300336,ARCHER FARMS - CELERY & CARROTS
492860300381,ARCHER FARMS - THAI-STYLE CHICKEN WRAP
492860300381,"ARCHER FARMS - THAI-STYLE CHICKEN SEASONED WHITE-MEAT CHICKEN, CRUNCHY SLAW & A CREAMY SPREAD WRAPPED IN A FLOUR TORTILLA WRAP, THAI-STYLE CHICKEN"
492860300541,ARCHER FARMS - CAESAR CHICKEN SALAD
492860300558,ARCHER FARMS - COBB SALAD WITH CHICKEN & BACON
492860300558,"ARCHER FARMS - COBB SALAD WITH CHICKEN & BACON SPRING MIX LETTUCE, WHITE-MEAT CHICKEN, EGG, TOMATOES, BACON, CHEDDAR AND MONTEREY CHEESES & BLACK OLIVES, COBB WITH CHICKEN & BACON"
492860300565,ARCHER FARMS - CHEF SALAD
492860300565,"ARCHER FARMS - CHEF SALAD WITH SPRING LETTUCE MIX, TURKEY BREAST, SWISS CHEESE & HAM, CHEF"
492860300572,ARCHER FARMS - APPLE WALNUT SALAD WITH CHICKEN
492860300572,"ARCHER FARMS - APPLE WALNUT SALAD WITH CHICKEN SPRING MIX LETTUCE, DICED WHITE-MEAT CHICKEN, GREEN AND RED APPLES, BLUE CHEESE, WALNUTS & CRANBERRIES, APPLE WALNUT WITH CHICKEN"
492860300602,ARCHER FARMS - CHICKEN PESTO SANDWICH
492860300602,"ARCHER FARMS - CHICKEN PESTO SANDWICH, CHICKEN PESTO"
492860300619,ARCHER FARMS - CLUB SANDWICH
492860300619,"ARCHER FARMS - CLUB CHEDDAR CHEESE, HAM, TURKEY, LETTUCE, TOMATO & BACON SANDWICH, CLUB"
492860300626,ARCHER FARMS - ITALIAN-STYLE SANDWICH
492860300626,"ARCHER FARMS - ITALIAN-STYLE PEPPERONI, SALAMI, HAM, PROVOLONE CHEESE & LETTUCE SANDWICH, ITALIAN-STYLE"
492860300732,"ARCHER FARMS - TURKEY, HAM & BACON CLUB SANDWICH"
492860300732,"ARCHER FARMS - TURKEY, HAM & BACON CLUB SANDWICH WITH CHEDDAR CHEESE ON AN ARTISAN MULTIGRAIN BAGUETTE, TURKEY, HAM & BACON CLUB"
492860500019,"ARCHER FARMS - CHOCOLATE CHUNK COOKIE, CHOCOLATE CHUNK"
492860500019,ARCHER FARMS - CHOCOLATE CHUNK COOKIE
492860500026,ARCHER FARMS - SUGAR COOKIE
492860500026,"ARCHER FARMS - SUGAR COOKIE, SUGAR"
492860500033,"ARCHER FARMS - MONSTER COOKIE, MONSTER"
492860500125,ARCHER FARMS - CINNAMON GRAHAM CRISPY TREAT
492860500125,"ARCHER FARMS - CINNAMON GRAHAM CRISPY TREAT, CINNAMON GRAHAM"
492860500132,ARCHER FARMS - S'MORES CRISPY TREAT
492860500132,"ARCHER FARMS - S'MORES CRISPY TREAT, S'MORES"
492860500149,ARCHER FARMS - CHOCOLATE MINT CHIP COOKIE
492860500149,"ARCHER FARMS - CHOCOLATE MINT CHIP COOKIE, CHOCOLATE MINT CHIP"
492880700482,ARCHER FARMS - PEANUT BUTTER CARAMEL ICE CREAM
492880700482,"ARCHER FARMS - PEANUT BUTTER CARAMEL VANILLA ICE CREAM WITH A CARAMEL PEANUT BUTTER SWIRL, PEANUT BUTTER CUPS AND CHOCOLATY DIPPED WAFFLE CONE PIECES, PEANUT BUTTER CARAMEL"
492880700499,ARCHER FARMS - ICE CREAM
492880700499,"ARCHER FARMS - MINT & FUDGE ICE CREAM, MINT & FUDGE"
492880700505,"SIMPLY BALANCED - SIMPLY BALANCED, FRUIT JUICE BAR, MANGO"
492880700505,"SIMPLY BALANCED - MANGO FRUIT JUICE BARS, MANGO"
492880700512,MARKET PANTRY - FROZEN YOGURT
492880700512,"MARKET PANTRY - SALTY CARAMEL FROZEN YOGURT, SALTY CARAMEL"
492880701694,ARCHER FARMS - ICE CREAM BITES
492880701694,"ARCHER FARMS - PEANUT BUTTER ICE CREAM BITES WITH A PEANUT BUTTER SWIRL WRAPPED IN A CHOCOLATE FLAVORED COATING WITH PEANUTS, PEANUT BUTTER"
492880701717,ARCHER FARMS - ICE CREAM BITES
492880701717,"ARCHER FARMS - RASPBERRY VANILLA-FLAVORED ICE CREAM BITES WITH A RASPBERRY-FLAVORED SWIRL WRAPPED IN A DARK CHOCOLATE-FLAVORED COATING, RASPBERRY"
492880701724,ARCHER FARMS - ICE CREAM BITES
492880701724,"ARCHER FARMS - TURTLE CARAMEL ICE CREAM BITES WITH A CARAMEL SWIRL WRAPPED IN A CHOCOLATE FLAVORED COATING WITH PECANS, TURTLE"
492880701748,MARKET PANTRY - SUNDAE CONES
492880701748,"MARKET PANTRY - CARAMEL-FLAVORED VANILLA-FLAVORED ICE CREAM SUNDAE CONES WITH CARAMEL CORE TOPPED WITH CHOCOLATE-FLAVORED COATING, PEANUTS AND CONE PIECES, CARAMEL"
492880701762,MARKET PANTRY - FAT FREE FUDGE BARS
492880701762,"MARKET PANTRY - CHOCOLATE FLAVORED FAT FREE FUDGE BARS, CHOCOLATE"
492880701779,MARKET PANTRY - ICE CREAM BARS
492880701779,"MARKET PANTRY - VANILLA-FLAVORED REDUCED FAT ICE CREAM BARS DIPPED IN CHOCOLATE-FLAVORED COATING, VANILLA"
492880701786,MARKET PANTRY - MINI SUNDAE CONES
492880701786,"MARKET PANTRY - VANILLA ICE CREAM CONE TOPPED WITH CHOCOLATE-FLAVORED COATING, PEANUTS AND MINI SUNDAE CONE PIECES"
492880701786,"MARKET PANTRY - VANILLA ICE CREAM MINI SUNDAE CONE TOPPED WITH CHOCOLATE-FLAVORED COATING, PEANUTS AND CONE PIECES, VANILLA"
492880701809,MARKET PANTRY - ICE CREAM CANDY BAR
492880701809,"MARKET PANTRY - PEANUT BUTTER ICE CREAM WITH A LAYER OF CARAMEL AND PEANUTS COVERED IN A CHOCOLATE-FLAVORED COATING CANDY BARS, ICE CREAM"
492880701809,"MARKET PANTRY - PEANUT BUTTER ICE CREAM WITH A LAYER OF CARAMEL AND PEANUTS COVERED IN A CHOCOLATE-FLAVORED COATING CANDY BARS, PEANUT BUTTER"
492880701816,MARKET PANTRY - ICE CREAM SANDWICHES
492880701816,MARKET PANTRY - TRIPLE CHOCOLATE ICE CREAM WITH A FUDGE SWIRL BETWEEN CHOCOLATE-FLAVORED WAFERS SANDWICHES
492880701816,"MARKET PANTRY - TRIPLE CHOCOLATE ICE CREAM WITH A FUDGE SWIRL BETWEEN CHOCOLATE-FLAVORED WAFERS SANDWICHES, TRIPLE CHOCOLATE"
492880701823,MARKET PANTRY - ICE CREAM SANDWICHES
492880701823,MARKET PANTRY - MINT ICE CREAM WITH CHOCOLATE-FLAVORED CHIPS BETWEEN CHOCOLATE CHIP COOKIES SANDWICHES
492880701823,"MARKET PANTRY - MINT CHOCOLATE CHIP ICE CREAM SANDWICHES WITH CHOCOLATE-FLAVORED CHIPS BETWEEN CHOCOLATE CHIP COOKIES, MINT CHOCOLATE CHIP"
494517839022,TETLEY - DECAFFEINATED GREEN TEA
494981111037,LANCASTER - BUTTERSCOTCH AND CARAMEL SOFT CREMES
496514047028,MAXWELLHOUSE - INTERNATIONAL CAFE
496514047028,"MAXWELL HOUSE - INTERNATIONAL CAFE, FRENCH VANILLA"
497514111023,HILLS BROS. - CAPPUCCINO DRINK MIX
497514113027,HILLS BROS. - CAPPUCCINO DRINK MIX
497514117025,"HILLS BROS - HILLS BROS, CAPPUCCINO DRINK MIX, ENGLISH TOFFEE"
498780204112,SIMPLY BALANCED - SNACKERS
498780204112,"SIMPLY BALANCED - TURKEY, CRACKERS, APPLES & PEANUT BUTTER SNACKERS, TURKEY, CRACKERS, APPLES & PEANUT BUTTER"
498981262003,CHARMS LLC. - CANDY COATED MILK CARAMELS
498981598003,"RAINBOW NERDS - TINY, TANGY CRUNCHY CANDY"
498981606005,SWEE TARTS - TANGY CANDY
498981606005,SWEETARTS - TANGY CANDY
498981712003,SOUR PATCH KIDS - SOFT & CHEWY CANDY
498981725003,SOUR PATCH - SOFT & CHEWY CANDY
498981725003,"SOUR PATCH - SOFT & CHEWY CANDY, WATERLEMON"
498981726000, NO MANUFACTURER - SOFT & CHEWY CANDY
498981773004, NO MANUFACTURER - BITE SIZE CANDIES
498981788008,"RED HOTS - RED HOTS, CANDY, CINNAMON"
498981844001,BIT-O-HONEY - CANDY
